game_id,tempo,asof_sd,asof_mean,s2_hat,rbar,V_iid,mbar,M
401700186,71.54626,3.9769787459760577,72.425,-0.0007145329893228382,0.8167421754229309,0.5457304304878556,16.43505638572815,139
401700190,66.39694,2.973493304683969,69.57777777777778,0.007128307147519339,-1.5080243195327583,0.5730416890393236,18.402390516715858,142
401700194,63.67116,3.5973032480354936,67.75,0.009471925144143342,2.244987346953522,0.7204159292273407,18.790100372344725,114
401700197,64.80168,2.6876187552243684,67.4,-0.0011155776785366465,-0.252870246542642,0.5812024066191632,17.763819151652132,137
401700198,70.13963,5.6735581420823955,69.64285714285714,-0.001478526806670258,0.5673991293873399,0.5858413194585759,17.73794438206304,131
401700206,65.99197,3.7008202409799695,69.66666666666666,0.0005347308869666877,-0.6441787674912085,0.5785562939921551,18.035483115317295,138
401700207,68.37284,4.626504528250403,70.0,-0.0016899675526163413,0.48471674280495947,0.5763742740166269,17.29306103497282,135
401700209,72.595634,4.711532589955372,69.125,0.00011909765660754073,-0.5023257858613963,0.49552419477068915,16.2852205227035,152
401700212,67.54746,2.619723911249041,69.42857142857143,-0.0018574927597477203,0.269957667912216,0.6395121630659569,18.472229832087784,128
401700218,68.982216,4.061174298984026,69.77083333333334,-0.0018420555150548425,0.36036323446137786,0.6060435995928637,17.80630343220529,132
401700219,63.985596,3.4352160164326815,67.61111111111111,-0.001594263057371817,0.5454798707530095,0.6434936123136618,18.35215792452258,127
401700221,77.83517,5.70492914097101,74.41666666666667,-0.0013106596898638891,0.6499646847669212,0.5195809674362946,16.0097575374553,144
401700222,65.734375,3.9649914671827924,68.08333333333333,-0.001118728083562406,-0.2616516366964987,0.6062393322571397,18.149711338189036,134
401700224,67.18776,3.210646365222567,67.4875,-0.0018705646745984584,0.3085203790221378,0.6265791589209818,18.145325774824016,130
401700225,70.25375,4.636587769261528,71.17582417582418,0.0006421677836682699,-0.644424082581601,0.5525375098771469,17.65860847974472,141
401700226,72.16711,4.744288853748537,70.85,-0.001729021586506387,0.014963764590724793,0.5321319542580202,16.761260011633052,143
401700227,66.71035,3.5419793693080495,67.42857142857143,-0.0008270858476508429,-0.3356004663439194,0.5701968636925518,17.587399027495,139
401700242,69.25451,3.514444560850997,68.75757575757575,0.007061856437770114,1.8955369998336735,0.6325675587554457,17.443172677585682,124
401700243,68.14869,4.636084196675304,69.14285714285714,0.009125239430092583,2.0528387227953075,0.6470510829403807,17.139161277204693,125
401700245,65.37488,4.136423688394832,67.33035714285714,0.0002884530933198957,-0.588145571496085,0.5694195972909852,17.602329968659205,141
401700246,63.34023,3.5039645117412674,66.6,0.0013613006334898098,1.2759503983512346,0.6593508102532107,18.078888311326185,124
401700248,66.31424,3.4075055277821398,68.25,-0.0003883826476852438,0.9142809828239997,0.5949994623871793,17.39869611641264,131
401700250,66.0492,4.183313188301422,66.7357142857143,-0.0006141400988104454,-0.4126529865999906,0.6215901744435459,18.72563008583663,131
401700251,68.57871,3.97242007996607,68.85470085470087,0.002574596412588614,-0.9262977086260484,0.5422600803161126,17.364653873009612,146
401700253,67.12751,5.561839314857267,68.21875,-0.0018486544162586668,0.23506570148083128,0.6274191546644595,18.369585461309867,129
401700254,68.77384,4.296060699003655,68.9090909090909,0.00266347094476777,-0.9322057155594123,0.5297621003529487,17.356863249805986,146
401700257,63.317474,3.514860962219599,66.85353535353535,0.018083758364497,2.733477938836465,0.6678132052383189,17.588555959468618,118
401700258,69.17604,3.746404489987382,67.6875,0.01114588615301993,-1.7669858857814749,0.5132306614612134,17.54988062262358,152
401700259,68.65583,4.736556125709364,68.98039215686275,-0.0018490148625108995,0.32897134924870386,0.5604967268296803,17.189276825933778,137
401700260,70.98477,5.45520923718684,69.38095238095238,-0.0016684938675142215,0.5289551302411191,0.5496839716542796,16.49232146550356,141
401700262,66.40282,3.690099935976203,66.71111111111111,-0.0005838123666594505,0.8962914635104937,0.6591857279944916,18.77583968403049,122
401700275,70.82077,5.111584878967367,67.86666666666667,0.0011433630910894581,-0.6713867818422994,0.4942544859293134,16.344589396221384,153
401700321,74.03012,4.967825084648615,71.66666666666666,7.11365762359608e-05,-0.5154123761160108,0.5264368858099776,16.73162859233223,148
401700332,65.481766,4.058726957974313,66.30000000000001,-0.0006473599241484557,0.8819983292903615,0.6585789084185272,18.60580654875842,123
401700335,72.678535,6.226419661837905,73.17142857142858,-0.00181439345507964,0.4248466436536411,0.5648873483820677,16.951964950549257,138
401700337,71.44372,3.2527269086172024,68.02857142857144,-0.0014682640408402554,0.5887799581607744,0.569145013494812,17.181590412209594,135
401700339,70.10218,4.938806138250201,70.5625,-0.001627888800678357,0.5430327905521963,0.5949745956985456,17.352489597507507,134
401700344,71.33635,3.5587170557891645,69.41666666666666,0.016301976969450432,2.41824868029461,0.5945460470194384,16.035597473551544,130
401700351,64.57755,4.740215550310847,67.26190476190476,-0.0014875840235543795,0.6045084142489543,0.6534038747541154,18.435174125433587,126
401700360,68.677574,4.002299190136208,67.25,-0.0018541238014998774,0.09837463236198474,0.5719920915122293,17.27119058502932,138
401700361,68.71017,4.305695644707683,68.0952380952381,0.0009183573553768306,-0.6843863799399053,0.5468514768230567,17.351053046606573,144
401700362,61.451057,3.2027163976682296,62.885714285714286,-0.000246606493557168,-0.4908929549779586,0.5923820253106902,18.13795177850737,136
401700367,68.75019,4.959734225164144,69.5625,0.007645875419176335,-1.4793611639536905,0.5275128646508112,17.573320895497314,149
401700370,69.66296,4.075595795837966,69.07142857142857,0.005948283860101846,1.753281363662893,0.6115298782913898,16.988906136337107,128
401700371,63.659405,3.6005575425121976,64.94444444444444,0.004787839095025627,1.6997910600253299,0.6514278072503528,17.804273980625076,123
401700372,70.839134,3.1059328163286546,68.0,-0.0015288297206731635,0.5748726873180949,0.5215143631198232,16.091793979348573,144
401700375,72.09051,5.158548614826081,71.0625,-0.001969726108770867,0.22926961572209947,0.5274827251836817,16.315557970484797,145
401700376,66.49462,3.7178430231604995,66.61666666666667,-4.574154482460521e-06,-0.567317909026535,0.6275361842014074,18.872661420476916,131
401700378,68.67615,4.091208690227638,68.57777777777778,-0.0003269598248917678,0.9341100784978416,0.6021977415194448,17.232556588168826,132
401700381,64.94333,4.192076584990616,66.3015873015873,0.009840673803002725,-1.7843494787376812,0.584712875737064,18.671673422399653,142
401700386,72.12683,5.049874448063228,70.45,0.0015421285493904553,1.2038061592948033,0.5473869703612226,16.31444201588768,137
401706201,68.21028,2.8188248817990775,67.47916666666666,-0.0019129288900424143,0.2516814666444631,0.5659790784650202,17.139622881181623,138
401706208,67.892715,4.032968366486521,70.4375,0.0014218067718567166,1.2498915289142332,0.6147678916979183,17.500108471085767,128
401706222,65.16097,4.758976248966633,68.37142857142857,-0.00040263697411281884,0.9449181818518184,0.6547170517246893,18.239081818148183,125
401706225,66.875725,2.939026155140274,69.41428571428571,0.0001917803268119058,-0.5989227072450056,0.6108499284384509,18.509370468439034,134
401706228,63.196068,3.61095019378159,64.71666666666667,0.0044215287045648935,1.722893056837556,0.7082955928850951,18.599140841467527,118
401706229,68.437416,3.851218586033541,67.5625,-0.001889419607033835,0.27552171078817267,0.5593491595950019,17.115782637037913,138
401706231,71.63099,3.4938374207647542,70.02142857142857,0.016948581714703592,2.447499988089465,0.5693518109022718,16.014038473448995,130
401706238,66.81483,4.166688559889403,68.6875,0.002779611341144745,1.4683995147826359,0.6558471893139114,17.87031016263672,124
401706242,62.978424,4.202451605238346,68.25,-0.0017999882408275842,0.1191806616979676,0.6481155983508217,18.76270910208156,127
401706244,71.26883,3.203605432654709,69.20833333333334,0.00014494365692762994,-0.5040473598310911,0.492089415136531,16.08196943775317,154
401706248,64.29771,2.642813758450047,64.37142857142857,0.007090601206509455,1.969355542280688,0.6839882495824324,18.198711684610068,119
401706251,66.32417,2.76023800575691,64.8125,-0.0017469871077669605,0.42398823123899376,0.6207639424578273,18.180662931551705,129
401706252,68.350334,3.12810357592734,68.71212121212122,-0.001828272155311123,0.09071674024218979,0.5523626823498116,17.052140402614953,140
401706253,65.622314,4.1072794206655034,68.14285714285714,0.001346602840676436,1.2561166656119056,0.6371931772354409,17.783565874070636,126
401706255,68.87499,3.5629608844552,67.63095238095238,-0.001861828130881932,0.23916978860971838,0.6029980686738597,17.942648393208465,132
401706258,66.52534,3.422692024417956,67.88068181818181,0.0008049704790569738,-0.7109833803647518,0.6013321820740327,18.350689262717694,136
401706263,61.49082,3.626848051438148,64.85555555555555,0.0030504652384584136,1.5184206765204067,0.6646073876424401,18.153710471020577,122
401706271,67.31544,4.223284251060965,68.70779220779221,-0.0016307174119910286,-0.05671803723788926,0.608102868961211,17.967165798431918,134
401706272,64.755356,3.3904172963924504,65.47222222222223,0.002521440338309361,1.4309909987051839,0.6430785938457614,17.915783194843204,124
401706273,64.87332,4.422063914571755,66.1875,0.0013328713464123882,-0.801136216105018,0.5956127399756165,18.426136216105018,136
401706276,62.891327,3.546694126257193,63.98888888888889,-0.0015620963096880968,-0.10616172534713542,0.6036452855667925,17.745867607700077,136
401706281,67.379776,3.566704741983516,67.55833333333334,-0.0016750505848154489,0.4992777534425237,0.6360593198068687,18.235097246557476,128
401706282,63.187336,4.676928341468455,66.90833333333333,0.00029768282769373046,-0.629255068226815,0.6202851009811285,18.949865755249714,131
401706284,67.11186,2.737187028609312,65.42857142857143,0.0012776646731908572,-0.7388003366210292,0.5425836960564083,17.290524474552065,145
401706285,68.735435,4.235678758508206,67.5909090909091,-0.0015994700001100166,-0.052998538264503736,0.5447626666802087,17.060090736846064,141
401706286,68.19218,3.141859086316945,68.40384615384616,-0.0009521680482726578,-0.2932506048564072,0.5502171013260703,17.187616802039507,142
401706289,67.62587,2.3864723487364117,67.6076923076923,-0.001835900289901899,0.3245800419397611,0.6551593773322545,18.691292973933255,126
401706290,66.11741,3.596802302059679,67.03571428571428,-0.0018476903651597236,0.18844461794492773,0.6028037544436622,17.993373563873256,132
401706295,70.9908,2.97115514016332,68.97619047619048,0.0029572776439477375,-0.9585541382280631,0.521068254204069,17.17477035444428,148
401706296,68.77746,4.588419219636079,67.97727272727272,0.0005089423162027624,-0.5941982593482393,0.5228730995102191,16.907123429416266,147
401706298,62.71412,3.276407094776002,64.80555555555556,-0.001762477064834418,0.028015972299691327,0.588119020111204,17.61168991005325,136
401706300,63.70293,4.111058761362232,66.6780303030303,-0.0015993634159091144,0.5239145590729848,0.6603657449857918,18.830924150604435,124
401706309,70.40451,2.934224241922116,69.69999999999999,0.005556770403975679,-1.1833267368836609,0.4649834851166639,16.469950940705317,157
401706336,70.50863,3.951801914441008,70.30952380952381,0.0040487598089157485,-1.0446255957137378,0.4860869967129029,16.609560660648803,154
401706347,72.360466,4.578774590739128,71.66964285714286,0.0014072569892138872,-0.736865984620863,0.5162814290723079,16.95308220083708,148
401706356,73.24586,5.006096219590183,74.1,-0.001827090500738822,0.08531992133005417,0.5310955358657199,16.690903854893723,143
401706372,69.79882,5.05117137065962,70.11818181818182,-0.0018384328217916101,0.30588045012569864,0.5787287135501088,17.589641937934005,134
401706387,70.88837,4.06337146775464,71.47916666666666,-0.0012080942404235136,0.692380811313523,0.5581623195100679,16.69167715970097,138
401706396,70.252716,4.737497778108878,69.71428571428572,-0.001843644382411368,0.36328232520065384,0.5889232286302355,17.524777376291883,134
401706400,70.08827,4.082130323550757,70.31666666666666,-0.0005784018564313325,-0.38428680825585104,0.5434191414725963,17.27865300543895,142
401706407,71.30448,4.537997984304585,71.32517482517483,-0.001568028918878411,-0.05779832897669479,0.5450231733464322,17.186369757548125,140
401706408,69.3321,4.332186624299299,70.2375,0.004706189293083829,1.6705740364490858,0.6379700421900131,17.529425963550914,125
401706413,62.321182,2.9667473037042233,65.46666666666667,0.0030480874144434345,1.5337278721624195,0.6731097671464208,18.441272127837582,120
401706430,65.48404,2.640967364599085,64.9,-0.0017440892587694387,0.04337187999647085,0.5919634431518311,17.859613194630395,134
401706441,67.59501,4.2505483631286864,67.1,0.006274002900511003,-1.4240523146446442,0.5733662788174643,18.431144513226204,141
401706442,67.57582,3.9323138929561994,68.23214285714286,0.01492354876257838,-2.1263617193967654,0.5411520157520359,18.22703286033636,149
401706445,65.76932,3.4187045816071535,66.95238095238095,0.0032304587871870524,-1.0565526707118877,0.5780116192209817,18.07782926645657,141
401706447,65.42433,4.686455974730428,67.625,-0.0018292493046990009,0.4194004387386876,0.6098838826797188,17.6257123432162,133
401706450,63.184513,3.6092982289303235,66.51388888888889,0.009266267643965745,2.2630649873782787,0.737535927915838,19.15657786976458,112
401706455,64.874565,3.9962762566340357,66.0,-0.0013036458514973218,0.666783817407893,0.6532764834820283,18.671925860011463,124
401706460,66.936966,4.226877327964077,67.2375,-0.0011967872193359666,-0.23486202909674603,0.5836931387942633,17.611673623299644,138
401706466,66.673256,3.904515228595275,66.6038961038961,0.002514517931312448,-1.0069874993649783,0.6104122193770273,18.917435260559007,134
401706468,67.140366,5.056321238321205,66.9,-0.000572382901215694,-0.4053422174545993,0.5805725501302463,17.91629112256409,137
401706472,65.06179,4.466552698299054,67.04545454545455,0.0033837680891416777,-1.0878095344916723,0.5906363098937897,18.22352382020596,140
401706478,67.29632,4.819067767769706,67.03333333333333,-0.0002272484153080476,-0.4920323700174549,0.5876152500508937,18.139091193546868,136
401706481,69.28413,4.441260641005148,67.875,-0.0005053457639653938,-0.3979681329042464,0.5326091160062256,16.949692270835282,145
401706482,70.70414,4.2856344775704365,68.25,-0.001783015565175909,0.4036346105240618,0.5571312999339126,17.10731429458543,137
401706485,62.67716,3.936952778772545,64.9590909090909,0.006432835668130558,1.8304642060354865,0.6301423369805277,17.361535793964514,125
401706486,67.94434,3.691225750071693,67.71538461538461,-0.0013246211748699057,0.6380667557049797,0.5509019195816329,16.87288214940451,137
401706494,63.412395,4.531776658001929,64.23333333333333,-0.0017686953929027696,0.37139352038859386,0.6711366122527332,19.108281276359374,123
401706495,63.82568,3.5993086546944784,65.12337662337663,-0.00023822060776912182,-0.5037491668422014,0.6116890969412841,18.541343151804607,133
401706522,70.78137,4.335934961823448,70.41666666666666,0.0011687886889451334,-0.7138938828816777,0.5293109355133154,17.258721469088574,145
401706546,72.659004,3.839335722498072,70.84285714285716,0.004335382711688895,-1.0681739444907823,0.489319549718581,16.452789329106167,156
401706547,69.12298,3.758269027106521,68.7,0.0005994548041819154,-0.6180999049583171,0.536024796377669,16.931025075026344,147
401706553,69.03822,3.9207264176300045,68.48484848484848,-0.0018659294387926488,0.15637036627211032,0.577656429116975,17.47598257490436,136
401706554,74.49974,3.9268232321387826,73.0125,0.005091200589556432,-1.1805707232662854,0.5007599708139975,16.95688651273997,152
401706558,73.17879,4.352702127089142,71.03333333333333,-0.0011320400849681926,0.7036342841263341,0.5518817836776899,16.807314620983156,137
401706559,66.44015,2.168944983312386,67.36666666666666,-0.0016631772761076585,0.4908202757637383,0.6462576294297087,18.540925755982293,126
401706560,67.32834,3.4982927322965427,67.16666666666666,0.0026698976711699604,-1.0289746776812443,0.6076835135801605,18.93195975230811,134
401706561,67.80847,3.81873683429779,67.55952380952381,0.004365814066555739,1.5618261088429044,0.5778493199501846,16.61241631539952,132
401706563,71.722275,4.5492699602520545,70.63636363636363,0.0007763946895017815,-0.6362189059665049,0.5179599554998044,16.852435122182722,148
401706564,65.7997,2.9079227898580022,66.58333333333333,0.0034845348767790817,1.5306531676160233,0.6329573102206182,17.509029372066518,126
401706566,68.94414,3.9676443009585007,69.08035714285714,-0.0014477250171719197,-0.11232006537497696,0.5214907020233893,16.751208954263866,144
401706578,67.235916,4.124195840541166,67.36666666666667,0.006665645087661434,-1.4592595437885905,0.5758794367507267,18.35362574097169,142
401706586,66.95172,3.597909714971616,70.46666666666667,-0.0019135036293336282,0.23823949886091,0.5922693257846166,17.53953827891687,135
401706590,67.53694,3.994423104003515,67.81060606060606,0.0004517473067748558,-0.6425095011600703,0.5964365656091404,18.42028727893785,135
401706593,66.29884,3.300709356911328,68.66964285714286,0.007366877972878673,-1.4793948028120987,0.556531305353856,17.792319972880126,147
401706596,67.646126,3.5291372390355513,68.04761904761905,0.0015127355104623227,-0.8274103299812801,0.5936639134183259,18.33835923509077,137
401706605,67.40724,5.784133444813728,69.29166666666666,-0.0017155909578765401,0.48720754047424464,0.6268668593644899,17.974330921064215,130
401706613,67.07185,3.3289485121265985,68.13846153846154,0.0016127997815671045,-0.8449841696298144,0.5956099589115179,18.363232344812296,137
401706616,68.96467,5.276294532093848,67.61428571428571,-0.001815813715867754,0.1308749231335078,0.5848640970716997,17.764647464926195,134
401706618,72.43567,4.962747745021025,71.45238095238095,-0.0010407530907030579,-0.2555685435651469,0.5214855705788216,16.69392470794871,146
401706621,68.51895,3.1847338451435645,66.6875,-0.001841972165577202,0.38156808333189574,0.6029130804111908,17.663544698622992,133
401706624,67.64971,3.1372079202607948,68.03472222222223,0.007565184674523112,1.9990852057207498,0.6846606742986275,18.00091479427925,120
401706626,66.781456,3.5606092772705873,67.79365079365078,0.0004184710239164011,-0.6382435424898105,0.6047735639447306,18.134593907453315,137
401706629,68.84648,4.842002104156366,67.49107142857143,0.008821396700519239,-1.5504766786094795,0.5136473010694962,17.2367511884134,153
401706632,69.77828,5.554008984145666,70.90277777777777,0.0019817351158681086,1.290943395824094,0.5790335951225276,16.754169386130794,133
401706635,64.98276,3.815708269515568,67.38571428571429,-0.0003693657466172527,0.9452077307236912,0.6400486394617934,17.944556048803868,127
401706638,69.601,3.431637912339599,69.12222222222222,0.004130379984208275,-1.1209453831039227,0.5462369867237232,17.43387055317195,147
401706639,67.71946,3.3303475610697424,68.4,0.002082991354703803,1.338459536866722,0.6071451439059223,17.411540463133278,128
401706640,72.419846,5.072202816616482,72.46666666666667,0.00030901911225709696,-0.5592582879562187,0.5259701225780536,16.755204233902166,148
401706641,66.33159,3.9623175277836893,67.25,-0.0011873264411887375,-0.2331839407436611,0.6018535325300505,18.14363170193769,134
401706642,66.629425,3.949258787598001,66.9090909090909,0.007363139688020024,-1.5208270164631017,0.564392543896995,18.304043799679885,143
401706673,65.451385,3.6510914829406262,67.74285714285715,-0.0015665848580851045,-0.05580330410769463,0.6178156123890175,18.50964945795385,130
401706675,72.95682,5.225541587846804,72.08333333333334,-0.0018685098653158953,0.3301540212623344,0.5416119279606297,16.798417407309095,140
401706685,67.36245,3.7069747034222837,68.16666666666666,0.0022201837718330794,-0.9639055698117289,0.6175319304449458,18.851965271304266,134
401706696,69.34895,2.8651736934601115,69.38333333333333,0.0022914460744208175,1.3651925475532565,0.617472443960435,17.239458615237442,129
401706698,66.3404,3.488883381141912,69.1,-0.0009879110534199982,-0.2963830018973006,0.6047465452480063,18.34149578385219,133
401706700,73.04368,3.5640166418715022,70.01818181818183,0.014964032669883637,-1.9666800036307635,0.4756120562353621,16.954180003630764,160
401706713,65.8074,4.160601014956551,67.95,0.008759048242647581,2.0942624183121303,0.6725967840643171,17.90573758168787,120
401706726,70.60171,5.03132230841019,70.14285714285714,0.008956250681198609,2.018375970761028,0.6115714508563225,17.013370060985004,126
401706727,70.28103,4.208093295781925,69.16666666666666,-0.0018942729709716017,0.3124750776311487,0.5890301295633048,17.46530270014663,135
401706732,64.946495,4.585679110173572,67.14102564102564,-0.0018573819949974043,0.2667454646148393,0.6180960714513631,18.16402376615439,130
401706735,66.422676,3.0897666087779463,67.28571428571428,1.3509519669729307e-05,-0.5586770880309366,0.6076754772043582,18.45419947609064,134
401706747,69.26015,3.486658420425646,67.82142857142857,-0.0016971551536964695,0.4715817167950007,0.5712957810172851,17.283973838760556,135
401706752,72.08443,4.9859086867599895,70.32142857142858,0.007220290346004888,-1.3460068870070003,0.47968195505926187,16.53588030472852,158
401706754,62.16934,3.320165571534001,66.28571428571428,0.008481152082995429,2.0389357725125983,0.6436797495224199,17.62499865371691,122
401706755,71.00379,3.5184092518476957,69.2,-0.001298500275183069,0.6582642780715666,0.5593929390917927,16.84538535696493,137
401706756,72.46382,4.34222963498447,72.16666666666666,0.014323195552676825,-1.882450363841489,0.4663989856564103,16.606376744209587,163
401708327,70.66229,5.958437817216749,72.81428571428572,-0.0017835343862026248,0.4569367717620949,0.5249831110835987,16.195841006015684,144
401708351,66.23044,3.3682811162551616,68.35714285714286,0.004089480189962127,1.6527218606686027,0.6814816441714777,18.18198888313305,121
401708372,64.889145,4.470313025564379,68.3,-0.0012493724348240497,-0.19156848362996826,0.5837959055614973,18.094553558256834,134
401708374,76.06863,5.114515777746327,73.04761904761905,0.0005788990329112799,-0.6028239558413233,0.5167941929407696,16.91574912590935,147
401708380,68.56807,4.3430587526438735,67.76666666666667,-0.0009793497748769428,-0.27815568748703967,0.5457122807139843,17.27106348890548,141
401708385,67.7468,4.349526573359274,70.81666666666666,0.0007494833093930436,-0.6510785126379339,0.5427821982092385,17.189009547120694,145
401708386,66.32369,3.605805464127135,65.63392857142857,-0.0009067438868243736,-0.3266918971835331,0.6248409003346459,18.788230358721993,130
401708389,73.47116,5.162829323838589,72.79464285714286,0.0011738279105011722,-0.7159202646549616,0.5317949224430649,17.25385129913772,145
401708419,71.368324,3.9685843976800133,71.6547619047619,0.002281210897805203,-0.8549493992250596,0.5121695358426186,16.85494939922506,150
401708422,68.67632,3.12088011264208,69.22321428571428,0.0035609098649442487,-1.076294246753914,0.5503987375595515,17.845525015984684,143
401708423,69.95186,4.253491663891589,69.01111111111112,-0.0018317059118502007,0.15330988917482458,0.5941030401287808,17.88428409578758,133
401708425,70.96746,4.241295613363787,70.92361111111111,-0.0012743210697976498,-0.1860042041337202,0.5173946629347168,16.51253481637862,147
401708428,76.682625,4.621754321556135,74.6,0.011945122923045542,-1.7097438407052952,0.4604201036264897,16.52455865552011,162
401708429,72.42966,4.343484099114733,70.14583333333334,0.0002390182844207617,-0.5282021272205597,0.49988268379483203,16.52820212722056,150
401708430,65.15458,4.131712815909731,66.66666666666666,-0.001794252409241058,0.17095609405063428,0.6560326949325224,19.029043905949365,125
401708436,70.52814,4.60147187985549,69.11428571428571,-0.0007945594083163035,-0.32953704502514114,0.5500813751090603,17.472394187882283,140
401708442,68.43226,3.8950347647965864,69.9375,-0.0017293926586269017,0.4360253264128744,0.5525388126373231,17.082222848769607,137
401709987,71.77029,5.79522761968828,70.01818181818183,-0.001761128237017976,0.022933674706727913,0.5242668531403809,16.528790463224308,145
401709988,68.763954,4.848714694510152,69.88333333333333,0.0002168047337539319,1.0567959314301696,0.6244964916970733,17.83296784809739,127
401709990,66.475945,6.589067936979788,68.38095238095238,-0.0007787330087434032,0.8405792442718507,0.631644809555625,17.90942075572815,128
401709992,65.04971,5.235431378419564,66.8625,0.002971738143973946,1.5070153270023035,0.6609947385683689,18.156919099227206,122
401709994,63.86136,4.615149131248494,65.33333333333334,0.0012148114357268184,1.2284868744689383,0.6278057967601507,17.66915092080665,127
401709995,64.47171,5.159484588151033,66.84285714285716,-0.0010222500489202972,-0.2944631064643559,0.6241813169464843,18.599806617914737,131
401709996,68.468765,4.702752286646781,68.2987012987013,0.02038038371208719,2.857229362904821,0.6656641973831138,17.481753687942636,118
401709997,64.656364,3.6294962794560295,68.1,-0.0005946757005800146,0.896500361929558,0.6490675690809766,18.127309161879968,126
401711611,66.62496,2.7896730088081503,67.725,0.002025132459962302,1.4248126834955457,0.7009257659940252,19.07946082077796,117
401711615,66.82249,3.3996982166071845,68.91666666666666,0.00015636994413444774,-0.590625799642492,0.6088172757811965,18.620700987612416,133
401711623,66.91856,3.192200077345809,67.27777777777777,0.0031768640898131493,-1.0775970654038254,0.5894898790239681,18.595845240586307,137
401711628,71.51092,3.591367668080819,68.9,0.006796612688469067,1.8469617845243498,0.6148992802229144,17.184784247221682,126
401711631,69.35295,4.047289184049787,68.05844155844156,0.0036935689653182758,1.4683287053316079,0.5601143239305553,16.30944907244617,135
401711632,73.720314,2.92201158961179,70.29166666666666,0.00035143040309682574,1.0530932118762024,0.5822960136168684,17.267517475146697,131
401711646,65.26789,3.640237859852605,67.8,-0.00028259963599340277,0.9820989078472131,0.6741030455321806,18.67363879707082,122
401711647,64.53681,4.125685067477283,65.88636363636363,-0.0009926983791338137,-0.29717264555877065,0.617079359336736,18.61014974479541,131
401711648,68.90829,2.9046212291861306,69.22619047619048,0.016243616972103924,-2.107092757339597,0.4946792478800592,17.393716961161253,157
401711663,71.64448,3.6030842687724935,69.91666666666666,-0.0018811967195891397,0.1359776958012624,0.5036843946426468,16.190552916443636,147
401711674,67.35961,4.2460668199180445,70.56666666666666,0.003374239015691813,-1.1093190558902464,0.600366427245644,18.627567231072728,137
401711721,70.119026,3.9381614340393476,69.83333333333334,-0.0017696690422691764,0.4410900394042656,0.5663003874438542,17.077158135778216,137
401711726,70.03543,2.607735653503812,69.81666666666666,0.01217487250507483,-1.854657894070316,0.5111727407336806,17.64413157828084,152
401714195,63.97047,4.7568293399031285,67.80952380952381,-0.0010507104740808584,0.7464523919098411,0.6329423121690347,18.453547608090158,125
401714204,60.38716,3.419642693442997,65.875,-0.00010747085904309837,-0.5479026233731155,0.6351822845887853,19.152553786163814,129
401714211,62.671444,2.77179414977489,64.03174603174602,0.003955827491924801,1.631632697585335,0.6644708676201355,18.1948135834064,121
401714213,68.441284,3.8706648788569984,71.3,0.00207350089868307,1.3449835595779511,0.6249860144638131,17.40501644042205,128
401714218,63.12916,2.6757994150841875,64.77083333333334,0.0008733653698789809,1.1828563684590172,0.6393422864688768,17.86476267916003,126
401714222,69.55117,3.667849002473608,71.875,-0.0015790973336895166,0.5310891707218524,0.596975025616978,17.789521516301047,131
401714231,66.68281,3.995037536634807,70.65,-0.0014817464500495908,0.6055592098446958,0.6443822254181228,18.292078585430893,127
401714232,63.884293,4.436313877803942,66.72222222222223,-0.00014430516135942027,-0.5182288793546483,0.5985123495338881,18.16528770288406,136
401714235,65.003624,2.18823755454612,65.14444444444445,0.001118250242929361,1.2391557531448498,0.6620283881521507,18.107618440403538,124
401714243,69.41424,5.024522567000075,71.91428571428571,-0.0003226025625290543,0.9398890741019912,0.6140160540313483,17.664762088688708,129
401714247,61.2657,3.197827287793359,65.16666666666666,0.014991613681119472,2.6836247392433137,0.7492938879960397,18.744946689328113,112
401714254,74.82306,4.797910748686607,71.97916666666666,0.0027903789610423213,1.3889552861446255,0.5792630199750964,16.64863869881778,133
401714257,63.57745,3.3171568097509265,63.45,-0.0009198439300961272,0.7927310265658001,0.6266408608795878,18.09703275296176,127
401714258,64.06654,5.2594068133565575,66.56923076923077,-0.0010096161117343642,0.761550322268981,0.61244726162862,17.843100840521718,129
401714261,69.70496,4.535514579970922,70.0,0.012538355755284508,2.295888605387052,0.6213396848031594,17.058950104290368,124
401714262,68.8066,3.9942661386582454,68.74285714285715,-0.001861830681476595,0.129161431005123,0.5826079345146484,17.503191510171348,136
401714267,65.748276,5.15448752957231,68.32142857142857,-0.00010085295691778237,-0.525574209412838,0.5950770857514603,18.17263303294225,136
401714273,64.00051,5.103391268203442,66.3,-0.0017048194163337446,0.48116890720247696,0.6294138642986155,18.123482255588222,129
401714281,61.73059,4.132011890747,66.0,-0.0013719088944626361,-0.16614474376681798,0.589820347309245,17.81320356729623,136
401714282,68.73691,4.96242124632998,69.1,0.002968747073508533,1.4293064753704314,0.6023333534141369,16.87603703607995,131
401714286,67.28509,5.574279219884049,67.77272727272728,-0.0011887847432365162,0.7239989423864479,0.6651887178191,18.630839767290972,124
401714287,67.521706,4.0623218316586485,67.55194805194806,0.002446285688924019,-1.0024155649097786,0.6254154969499194,18.89793795296948,134
401714292,63.077354,3.092214332985395,63.44047619047619,0.005985316624106048,1.8674053489451907,0.6845157110262848,18.300661877945565,119
401714296,69.1348,6.136353966564866,70.075,0.021518112382924368,2.9354450936588705,0.6740035551063481,17.560281402067623,117
401714297,65.7834,4.993873363975027,68.0,-0.001798205782935615,0.15315025431259954,0.6110438119261252,18.30838820722586,130
401714299,69.39459,6.095714960633128,71.32467532467533,0.00938745856688938,-1.6055195303972756,0.5268573924018742,17.285258092488778,153
401714302,62.676937,3.4303383526778353,65.25401069518716,-0.0016129007393231153,0.5027729909966396,0.6447829743272957,18.69722700900336,125
401714303,66.753044,5.014252212118126,66.34615384615384,0.0007011874830351719,1.1721497316825165,0.6661093515318646,18.182688977994903,124
401714304,63.25808,3.8840149787170377,65.4375,-0.0016374765040036536,0.5126723573300964,0.6311614037056588,18.237327642669904,128
401714310,75.98133,4.272636006379095,74.41666666666666,0.012457350159865325,-1.778272456631555,0.48343133012197137,16.778272456631555,160
401714323,70.46138,3.446793475720485,71.75,-0.001932843842998449,0.33323259401703353,0.5529996426959936,16.680951803146087,141
401714335,68.34174,5.048186480834479,69.375,-0.0010167094389595176,-0.2788195562941489,0.5715795955469399,17.66287752730864,138
401714337,72.466896,5.05463527425616,71.30219780219781,0.018977579179243458,-2.139999880505867,0.4492554302874561,16.41380940431539,168
401714338,68.22011,4.804325142001947,68.54545454545455,-0.0017830782115952715,0.4551810992209191,0.6000173983117589,17.45526666197311,134
401714340,66.464325,6.569785710211857,69.16666666666666,-0.0018743471084647955,0.3698353268426793,0.619471928866561,17.811982854975504,132
401714344,71.61598,5.054755439565645,70.15,0.007103032984235557,-1.3438933001405324,0.48291776403627507,16.63051750396219,157
401714363,66.85774,5.766289619412731,69.19999999999999,0.00391300181624927,1.638371992354358,0.6737831281583971,18.361628007645642,120
401714368,64.303925,4.864907013765664,66.7,0.0008905828747247976,-0.7131161613203609,0.5807563321126253,18.216765796356857,137
401714375,67.70314,6.138390759922587,68.88095238095238,-0.0014390750020307908,-0.16670846006636353,0.6181871822349226,17.937078830436732,135
401714379,68.797585,5.294278414308534,69.125,0.0014534877885879608,1.2213879060752362,0.5815825678366533,16.81620607888717,133
401714384,72.64485,4.30653477334346,70.7,0.013569723821667188,2.326731882100212,0.6071902123131406,16.71295065758233,126
401714386,68.22547,5.584049063854973,69.69871794871796,-0.0017358570758606278,0.47209019249642026,0.5536864062925445,16.786902613258974,139
401714387,73.787834,4.412633806493798,72.21753246753246,0.013282961400446703,-1.85494343816287,0.4859841371013303,16.94928306080438,159
401714391,66.01592,5.828836763769427,67.67532467532467,0.0012093977715603916,-0.7364379680308311,0.5491875814836971,17.512661744254608,143
401714395,68.44529,5.305633096957592,70.20833333333334,0.0012543314049248174,1.1934230159942203,0.5817376087711105,16.851689765960668,133
401714425,67.442276,4.076628145530781,68.22619047619048,-0.0017719030063403432,0.09132636555673201,0.609114696521265,18.22165073367991,131
401714428,71.00536,4.824604716139559,69.38068181818181,0.00573191680764846,-1.235495226749876,0.49939872389494244,16.81991081116546,154
401714434,71.6769,3.9321181971835575,69.0625,-0.0016111515693194387,-0.04616780804820664,0.5128216579497104,16.477674657363274,146
401714436,67.21109,3.424442256894203,68.88095238095238,0.0008700865493488753,-0.7356013186865269,0.6119980178141615,18.780714100641415,133
401714437,71.1848,4.797817418030169,69.0,0.0026404001496269547,-0.9022820774626616,0.5097386023100385,16.90228207746266,150
401714465,70.89819,5.2676123377224275,69.78571428571428,-0.0017301632051367388,0.0038648675787129605,0.5248778419935598,16.547859270352323,145
401714468,69.74405,4.777587435801869,68.54166666666666,0.006721169525449182,-1.4510058270740593,0.5590664103470416,18.234222610290843,143
401714476,71.00535,3.65143626859705,69.1,-0.0012781291551629242,-0.18203303230447077,0.5450735417971269,17.20330962804915,141
401714478,66.08925,3.572059907978905,66.38392857142857,-0.0008270354672715942,0.8255542090388914,0.6476412681331781,18.52928450063853,124
401714480,72.80527,5.336920966107608,71.42857142857143,0.006705987277905407,1.7909368490992428,0.5805239632633544,16.670601612439217,130
401714485,65.92885,3.9016781593062935,67.42777777777778,-0.0017274569436504985,0.4592978205342355,0.6361737014605972,18.282889679465764,128
401714493,71.17569,4.134021662756143,70.54040404040404,0.0038140552984428293,1.5021660516265989,0.5837021203925747,16.54294673032829,133
401714497,68.11379,2.2112053611875666,68.30000000000001,-0.001864308159976915,0.3260075744530013,0.5407048628810869,16.81684956840414,140
401714498,67.60288,4.496486592809672,67.62307692307692,-0.001746533696404107,0.1140058959430803,0.6415207158777833,18.933613151675967,126
401714499,66.24546,2.5796922583993265,66.81818181818181,0.0031885100787726666,-1.0391525819174028,0.563443041056177,17.940561032621627,142
401714533,68.49924,3.0059591518755013,68.58333333333334,0.0017363131556854606,-0.8213371416447899,0.5513616200592708,17.604553924861573,143
401714535,69.11419,6.441294127558727,70.9,-0.001286903921260193,0.6525951791964744,0.5627813619497806,17.11036778376649,135
401714539,73.68639,3.8873755037529865,73.7,-0.0017424784554946413,0.46872192142656033,0.5614852453745308,16.915336049587932,138
401714543,67.160614,3.204977849115453,66.78333333333333,0.0027243262995718604,-0.9909119608923085,0.5868982303430688,18.01218855663699,141
401714548,68.58935,3.482513442242772,68.95833333333334,-0.0018655498994414603,0.13596399175882823,0.5350822584945177,16.765444458945396,142
401714550,64.43769,3.713675191534852,65.25,-0.0011427179509155981,0.7376922078943835,0.6303812407634316,17.851455078927323,129
401714553,72.48194,4.771458349756599,70.05952380952381,0.01829239849758137,2.6656562337871996,0.6370749144469021,17.006474913753785,122
401714564,64.51949,3.475819671078241,65.14285714285714,0.0007376288983820865,1.1625210730277296,0.6437857429367753,17.885097974591318,126
401714568,68.83412,2.730965243050572,68.42857142857143,-0.0014722756031150621,0.5686459755383808,0.550017273364807,17.06370696563809,136
401714569,72.5089,4.827649264945439,71.70833333333334,-0.0005595926584328991,0.8536529710512006,0.5505255353796512,16.53040499996329,138
401714574,64.257744,2.3717797887081336,66.7,0.004623704505368542,1.7234787578122237,0.6667322203830998,18.444588469078532,119
401714575,70.37802,4.454372958048905,68.46527777777777,-0.001871936359866852,0.2865923855827397,0.5961327798252463,17.735964005394703,133
401714576,70.024315,3.003566886395365,70.48333333333333,0.005008533424126602,-1.2293078540785913,0.5424562893485732,17.653965388325165,146
401714578,66.78764,3.361361775034162,66.17777777777778,-0.0018200529320165915,0.27308209379782866,0.6366987502937709,18.61668168572973,127
401714580,65.4301,3.44292410437878,68.35606060606061,-0.00032197818588590037,0.9673750738023443,0.6640538951850822,18.52855988554725,123
401714581,73.938866,4.297675928761473,70.4375,-0.0015938230812450748,-0.07043704673864148,0.49991355160699336,16.057103713405308,150
401714583,66.46838,4.355092610801858,66.11111111111111,8.275063628056951e-05,1.0547164478449318,0.6625125762455812,18.300122261832488,124
401714602,62.53891,3.4366446273456583,65.03896103896103,-0.0014028892443405212,0.6151059397535121,0.6324088931038429,18.432513107865535,126
401714606,67.36508,6.020506338555567,69.38888888888889,-0.0015875445316103065,0.5745382734283453,0.5952703152194282,17.195832096942024,135
401714616,68.78713,4.704421986876213,67.62179487179488,-0.0012403432090940649,0.6744167557216869,0.567982734158267,17.10336102205609,135
401714620,67.673096,5.441650892346744,67.92857142857143,-0.00018297908852055896,0.9806195258983976,0.631833015084827,17.91701826937719,127
401714621,65.94391,3.456707704325349,65.85897435897436,-6.202491866423544e-05,-0.5279293396215508,0.5860029881153643,18.29829970999192,135
401714624,68.57487,3.2417964272059017,67.26767676767676,0.0008847975480260545,-0.6627707729189574,0.5226650826415242,17.207598359125853,145
401714629,65.7006,4.721019946082876,68.16666666666667,-0.001799594215911146,0.39797304579125736,0.6592717141747922,18.641709493891284,126
401714630,72.22829,4.799288058945026,70.325,0.002836859746171756,1.4042664822028463,0.5898977754277667,16.777551699615337,132
401714632,63.54656,3.822727217818545,64.97222222222223,-0.0016838133282429182,0.5083271537200247,0.6178438058718624,17.804649945516616,131
401715405,67.18546,4.700531870949501,68.8,-0.001616677521694146,-0.04458335635409938,0.6548101836800603,18.93434713588166,127
401715946,67.78397,5.514316649546288,69.97916666666666,0.0021713939528379186,-0.8971400138749921,0.5649974243505688,17.798548464579216,142
401715981,65.8203,4.876325936536268,67.75,-0.0015493767399581292,-0.1062336359190148,0.6300570941863782,18.2880518177372,132
401716067,65.828926,4.180080207187064,68.06565656565657,9.229855042348174e-05,-0.5696929940901292,0.5988669389177647,18.216751817619542,136
401716069,70.08154,4.07856788072545,70.13076923076923,-0.0007981455065300643,-0.34063099634860805,0.5709255132643352,17.731935344174694,138
401716074,69.82501,3.7724875398158497,70.33333333333334,0.004992421874984209,-1.203810946474558,0.534014439779193,17.31119349681013,149
401716078,67.841064,4.98933036473878,69.96969696969697,-0.0016648847478300758,-0.0112899292156321,0.5772996796131884,17.658348752745045,136
401716123,66.94512,4.844659087235075,68.1,0.002200826828261294,-0.916529731029808,0.5713076066846894,18.153939802972253,139
401716125,67.79647,5.158400329106387,68.85714285714286,-0.0017583717404624224,0.1036026829157457,0.5830694997806282,17.93399130204666,133
401716127,63.87612,3.324294247723381,66.5625,0.00019215062535561897,1.078657139560093,0.6639349130882051,18.59347400798089,122
401716131,65.623405,4.085745027599058,67.29545454545455,-0.0015957133460040172,0.5454918431950375,0.6264404428202001,18.051407381611163,129
401718485,65.3755,3.4472767369815482,66.61666666666667,0.0027649983875230448,-1.044293062439543,0.609637766064625,18.95474082363357,134
401718486,69.52335,5.625084249803024,68.9857142857143,-0.0018959015849552394,0.25473203414603773,0.5767636471249178,17.377620907030433,136
401718489,67.37088,3.5879546352978657,67.59615384615384,-0.0002541742319262674,-0.5170885169118549,0.642220219759408,19.10623580373356,129
401718490,66.17164,4.217081649872395,66.8,-0.0015079366052935044,0.5951335222049323,0.6542776495991257,18.452485525414115,126
401719087,69.92045,4.031152622563938,67.93333333333334,0.01403988832590149,-1.8645689217605401,0.48051332312478373,16.582360332803486,163
401719097,67.33984,5.732234373635699,67.30952380952381,-0.0016156649546034355,0.5179546499698269,0.6014909887393323,17.802656037053072,131
401719103,67.35126,4.2204125852049845,66.5,0.009238221565099973,-1.7135425077175164,0.5767143066167243,18.4967592909343,143
401719105,69.72353,3.9086388136137717,68.8,0.0009620140155196034,1.168580016302954,0.5986365795932047,17.428319208503247,129
401719106,62.645065,4.60658538287619,64.83035714285714,-0.0014898170949390768,-0.09456790240086477,0.5869637121142315,18.005015663594893,134
401719111,64.74177,4.8224723034954495,66.05714285714285,-0.0017614698536967685,0.37940352020484625,0.6414724420610082,18.6682155274142,126
401719114,72.26288,4.078164251917562,69.55714285714285,0.012614521776218645,2.2673009595552216,0.6010840339957092,16.780318088063826,126
401719118,66.64243,3.3143756020400073,65.25,-0.0011973371095959618,-0.22628295156131628,0.5985956252376783,18.136730712755345,134
401719119,66.20796,4.2393935106049945,66.05,-0.0017955529089567497,0.38934533953426254,0.6554859761798958,18.65033720014828,126
401719121,64.087776,3.173237993069698,64.83333333333334,-0.0015805358823824038,0.5330234849216602,0.5907132938890037,17.648794696896523,132
401719125,67.07204,4.6502494117043325,68.83333333333334,-0.001004482330799653,-0.2812156077234498,0.5889826091436632,18.184200682350316,134
401719126,64.64343,5.325407425189084,65.88888888888889,6.372994101025024e-05,-0.5655956583169832,0.6022198066959521,18.083843833499465,137
401719130,68.86789,3.1652527922449485,68.14285714285714,-0.0018959631213369356,0.1514802581370276,0.5470095101874061,16.855611940444533,141
401719135,68.097694,4.644401792373121,66.07142857142857,-0.0017816715245553704,0.4661642474019274,0.5859833812193422,17.1514828114216,136
401719137,66.283485,4.751809561395856,67.16666666666666,-0.0011472455039419588,-0.24275503048896852,0.6273810137885181,18.847406193279667,129
401719141,65.63716,4.627497509823323,65.575,-0.00024974563910974717,-0.4910567901069811,0.5948464434396331,18.26883456788476,135
401719143,66.84283,5.040654453931595,66.89444444444445,-0.0013843502795872842,0.6478301895625727,0.6752301437620121,18.864364932388646,123
401719145,62.833115,3.013169359451669,64.32539682539684,0.019881846389530812,2.8992296236194157,0.6958137384484575,17.97033559377189,115
401719149,61.420803,4.309493205517436,64.02727272727273,0.004531555444074139,1.7182905401121218,0.6844326772221959,18.43296996408956,119
401719153,66.83151,3.2938826577527864,67.1875,0.009592750196790296,-1.7467274873072327,0.5752312470251212,18.52295126353101,143
401719156,67.86372,4.739202748516499,65.74090909090908,0.0077212084671076904,-1.4987225349839548,0.533577092655039,17.708181994443414,148
401719158,68.39386,4.188681566319858,68.2929292929293,0.0032984458423741623,-1.014775785564435,0.5368938498034099,17.341306397809333,147
401719161,70.8385,5.61302681972777,68.60454545454544,0.005204601550548725,1.6255055522124913,0.5529119928902924,16.419607229742397,133
401719162,61.27698,3.9438690992463035,63.791666666666664,0.006661889750263499,1.892210286787705,0.6718663105545455,17.747133975507378,122
401719164,70.03877,4.322589753896415,68.0,-0.0017678636901314892,0.43802983140212604,0.6052185115016668,17.7362125928403,132
401719169,68.0421,4.282163704366995,65.94444444444444,-0.0018874151531158099,0.3575997947594871,0.5682770755092448,17.026458176255005,138
401719172,63.71309,3.7560503061575092,66.67307692307692,-0.0017126728219974835,0.45302118441677663,0.6673417385640834,18.89375300913161,124
401719188,67.47425,4.2171360375833205,67.0,-0.001254872035508204,-0.20355859047082703,0.6021202980215762,18.23363377844075,133
401719390,71.004654,4.519913571334289,68.63636363636363,0.001110587593861577,-0.6741254599810649,0.5036023504295154,16.46359914419159,152
401719660,68.02769,7.912545558911802,68.2,-0.0011963082763516936,0.7039631065989518,0.5981273103743634,17.47785507521923,132
401719662,66.78126,6.434552564997847,67.08928571428572,-0.0012965376738211314,-0.20206532720662196,0.6279157211757564,18.507408838657003,131
401719666,66.76202,6.0076000682979585,67.33333333333334,0.004389919242869095,-1.1712882770115236,0.5632292632765317,17.702322759770144,145
401719669,67.02861,5.475214833479187,67.85119047619048,-0.0005077656938724435,0.9189833633699962,0.6537933092144289,18.273016636630004,125
401719671,67.58612,5.31524908253731,67.65384615384616,-0.0005620704668944446,-0.43343771494782857,0.6221717922555369,18.343885476141857,134
401719672,66.03224,5.154643803227449,67.46031746031746,-0.001576660868106521,-0.08599233769965764,0.6172094712344487,18.131105119654546,133
401720482,68.699715,2.303285636970766,69.80000000000001,-0.0011986207292382415,0.7005747368074289,0.5954103353166018,17.473667687434997,132
401720525,65.67131,4.202518797218593,66.06666666666666,-0.00029263847240115125,-0.49390708919995063,0.6192650307596141,18.81451777622285,131
401720548,65.27339,4.443911260777405,65.28571428571429,-0.0012104679713437923,-0.2233897128006248,0.5880620823475642,17.855742653977096,136
401720550,63.833275,4.882334914520875,65.425,-0.0018010875251240944,0.3812095382006859,0.6066933910638492,17.924133973249695,131
401720551,65.66513,3.381534710214595,66.20202020202021,0.01731757386695479,-2.291844410746007,0.5704215000245986,18.18767774407934,144
401720552,64.48866,4.408465089686423,65.41666666666666,-0.0009851448889304875,-0.30148196843020614,0.6143145719656743,18.48330015024839,132
401720555,63.85175,4.164816173401172,66.08653846153845,-0.0017802536137252365,0.20627943268715754,0.635150585767795,18.833403106995384,126
401720653,65.74825,4.002205170709244,66.75,-0.0017957872295257127,0.3415299671969301,0.6151228676149526,18.247617319624776,129
401720655,63.25676,3.6263950556064897,65.56666666666666,0.010468561600290024,-1.760898987990469,0.5414505600020779,17.97035844744993,148
401720720,66.30557,4.089597762098386,67.1,0.003681576216838001,-1.1426227024584712,0.5969149866547103,18.526680673472963,138
401720740,69.98892,3.9627761425619674,69.64285714285714,-0.0018514662551670515,0.14365262639801202,0.57590507280648,17.48870031477846,136
401720744,72.57258,4.69132819469681,70.95833333333334,-0.0009271332913290269,-0.28921937035016043,0.5271957647832942,16.82715040483292,145
401720762,68.70671,4.704660879258298,68.22916666666666,0.0014966905829856074,-0.7864131067525157,0.556056885281215,17.5696298899693,143
401720763,69.118416,5.425138191171708,70.01587301587301,0.0020769175600607636,1.343602501878319,0.6118331162691782,17.530413246153177,127
401720801,64.32372,2.9914771409499576,65.72222222222223,0.0006993354015410156,1.1760382604652442,0.6620763413084274,18.65040802052649,121
401720807,70.21943,5.166341499471778,71.72857142857143,0.005304624331826429,1.72958420507074,0.6381192827749422,17.47041579492926,125
401720808,68.84842,3.18089823038272,67.55,0.0035738036264124735,-1.048174309721567,0.5342240394627018,17.367902200878028,147
401720818,65.65854,2.251348370021204,65.46428571428572,-0.0009038618623081551,-0.32502893485112594,0.5906099015906143,17.843277110033608,137
401720822,69.525505,3.729102633844315,68.78571428571428,-0.001766118149981416,0.407299561877867,0.6217981804664772,18.19735160091283,129
401720833,63.020924,3.3889245586102605,66.5,0.007774826141364779,1.9876349299589222,0.6706496318081416,17.659906053647635,122
401720836,71.07271,4.978700120297523,71.14444444444445,0.002107247074992118,1.2848813682584783,0.5512211980472278,16.46326677988967,135
401720840,71.45032,3.9720265943665387,68.91666666666666,-0.0017631946499808893,0.4175329671611543,0.5801347973759182,17.492914794032874,134
401720846,70.43401,3.08917798648809,67.875,-0.001642155866819429,0.5124124632769202,0.5538597498001255,16.878891884549166,138
401720851,65.25039,3.5484368212422694,67.125,0.001869396111898717,1.3738955488811406,0.6709395172204838,18.617771117785527,120
401720853,65.591446,2.692292459955503,66.2,-0.001154120026230318,0.7452685204235863,0.6807443146936546,18.766926601527633,123
401720854,69.93564,3.8348195940571217,66.6875,0.021835094827294264,-2.4677612112109166,0.4877582347021912,17.549522217500225,159
401720856,73.90438,4.839491056589964,69.5,0.0007947077344017608,1.1062973112730532,0.5565605344746766,16.671480466504725,135
401720857,74.67596,6.404288432998568,71.49444444444444,0.006638358028681973,-1.3198487599996724,0.4985431574107294,16.80371972774161,155
401720858,66.59359,3.18316812676406,66.22727272727272,-0.0008523539760167209,-0.3399499728239981,0.5951219559252197,17.98700879635341,136
401720860,67.27002,4.577131295931903,67.15555555555557,-0.00041756885993050945,-0.4560469248466781,0.6036033422780472,18.35156931290638,134
401720864,64.88062,3.674662268016985,66.02857142857144,0.006536365948768151,-1.4685586060460878,0.5885057208152825,18.61141574890323,140
401720866,68.22762,4.549501050128064,67.24166666666667,-0.0014276337578739333,0.6101254895044725,0.5925727241570456,17.57169269231371,132
401720922,67.53466,2.2756745770094,66.97142857142856,0.002296233896993789,-0.9271504820648353,0.5810068183123221,17.948427077809516,141
401720930,67.160194,3.073766979808225,67.05,-0.0009186720851382896,0.8009692501835666,0.6508700681933837,18.54580494336482,124
401720934,64.5763,3.6202260725091637,66.47619047619048,-0.0016003757299784464,-0.07304315613015078,0.615124905312882,18.095599547107593,133
401720935,66.45815,3.8697107913189823,65.9,0.011632377225198571,-1.9325507528124213,0.555943178454567,18.715767536029205,143
401720963,68.83621,4.412004370172962,69.41666666666666,0.01491856926518103,-2.034835030522949,0.5102122208804463,17.499351159555207,155
401720965,70.60446,6.449328014758851,70.33333333333334,-0.0009618566477447882,0.7550125175995142,0.5459617441134605,16.511174532760197,139
401720982,74.00181,4.229937756192287,71.0,0.00439149787537427,-1.0876883310536662,0.4929024163207269,16.67210391546925,154
401721102,63.97583,4.286058151085211,65.66666666666666,0.0011335015857032256,-0.7842339938199068,0.6179218073834768,18.694681755013935,134
401721104,66.95789,3.456254286514503,69.23809523809524,0.0034232282547787185,-1.0783897385839616,0.5719453461154184,18.0712975400024,141
401721105,63.747658,3.6193702720700363,65.63194444444444,-0.0012365288243451416,0.7172617966349186,0.6476334516330742,18.02492570336508,128
401721107,59.94842,4.262823096162444,64.5,0.04218613116387035,3.891337681169766,0.6933682248250567,17.329901256883332,113
401721126,71.13875,3.493185757299745,69.55714285714285,-0.0019168038076156073,0.2501375798667098,0.5267801109671407,16.51909318936406,143
401721129,68.92057,3.625663100039924,68.07792207792208,9.54490955181676e-05,1.0208284403571426,0.6060418053860549,17.43301771348901,130
401721141,71.21586,3.910815461023949,68.75714285714285,0.0011796443367620986,1.1524238141408745,0.5492884455060101,16.23888053368521,138
401721142,68.77352,3.1162688166682107,67.85416666666666,0.001486926083261043,1.2614595374967372,0.6346617878287669,17.186540462503263,125
401721144,68.11707,4.142181695685248,66.83333333333334,0.0026620241200642917,1.3979773342431336,0.5987762367924792,17.063561127295326,130
401721145,63.742744,4.438094592832354,65.17142857142858,-0.0015930696113370404,0.5563692037994166,0.6083943174126902,17.625448978018767,132
401721146,69.51557,3.5111274406594535,67.83333333333333,0.000814443710101938,1.1375845737738821,0.5971172755634484,17.036657850468544,132
401721165,68.06278,4.113617848677662,66.4625,-0.0018506485146112398,0.3207425035235545,0.5842529651929043,17.57477988453615,134
401721166,63.598866,4.327207054543635,65.20833333333334,0.0037702833151197607,1.572263723493375,0.6395017277823818,17.627736276506624,125
401721167,70.25703,4.7257048963102335,66.625,0.006360959803354533,1.861637929774652,0.6522196615971166,17.810493217766332,122
401721184,64.43595,3.9700954463435667,65.1,-0.00039622991818098123,0.9070834488251762,0.5896523417787717,17.554455012713284,130
401721185,65.94477,4.886094034337583,64.10416666666667,-0.0012587376364813396,-0.21695662323862663,0.5975712333521533,17.849309564415098,136
401721213,70.817024,6.437388204335906,71.53571428571428,0.02173685539373872,2.716284961602998,0.5911670222680273,16.025902538397002,128
401721217,70.52668,4.9116080614048805,69.9375,0.00392013315902042,-1.0255544674656107,0.48756035318930385,16.50297382230432,155
401721249,72.041664,3.003294070484261,69.3,-0.0018339615536093455,0.42525078676323247,0.5334075497646794,16.343979982467538,143
401721288,67.69372,3.0522388328535683,70.45714285714286,-0.0009378098034878252,0.7970123915097247,0.6427284328853485,18.250606656109323,126
401721301,68.04889,3.9428429140015906,70.95,0.0023482896903171606,1.3821718087638395,0.616998024614113,17.51546598651175,127
401721303,69.259674,3.654139124923427,71.96753246753246,0.0034549714271189472,1.5254637208941588,0.627012997036579,17.52215532672489,126
401721334,73.64402,2.9339079605813714,69.6,0.0014326190894711104,-0.7297654718539732,0.5061800943473896,16.729765471853973,150
401721350,72.414024,3.255244212086068,70.6,-7.146182353729184e-05,-0.49407962290163354,0.5365049636133093,17.146857400679412,144
401721353,68.135544,4.98648738363729,70.66666666666666,-0.0011200792599594836,0.7141945058468302,0.5788405335885329,17.330918276108058,133
401721359,67.230354,5.1423185532598,68.78333333333333,-0.0017333426807995096,0.04491680268993292,0.623147775400797,18.416621658848527,130
401721361,67.56278,3.8989965463917104,67.525,-0.0017649453025008017,0.4093059232010745,0.6509705569956964,18.638313124417973,126
401721367,68.96149,5.107899847476254,69.07142857142857,-0.0007333518504982737,0.8436838722451441,0.6060187048106428,17.33813430957304,132
401721368,73.11546,4.3261693039010485,70.47142857142856,0.000984142319923888,-0.6741778140687877,0.5206487096329966,16.99390570522525,147
401721370,69.40814,3.0292961258203284,68.78181818181818,-0.0015409006071438552,0.5648972762315942,0.5822345976338466,17.33808779839527,134
401721374,69.26562,4.7151515734008616,68.91666666666666,-0.001864282367495229,0.26866953339528266,0.5682184481635867,17.37838929013413,136
401721379,67.101364,4.11109968127894,69.5625,-0.0016535473416944722,0.5166059490922734,0.6293857495020695,18.080293275713927,129
401721380,65.748276,3.259010182161957,66.625,-0.0009744457216597063,-0.3010322607870428,0.6046795371230882,18.331107448756967,133
401721385,73.64252,4.683386506128228,72.3125,-0.0016990183787368323,0.49847862414408795,0.5559606989886119,16.767708426215624,139
401721387,66.109955,4.559533642442377,68.61607142857143,-0.0009402865887683019,-0.31377491669268665,0.6216810988517684,18.75992876284653,130
401721391,73.54657,4.423778591891796,70.02083333333334,-0.0018505368981291466,0.3982068183981404,0.5523369739765859,16.744650324459002,140
401721397,71.99673,5.386873627899524,71.29166666666666,0.0015625458953864436,1.1972684969849432,0.5423178273789244,16.054530064166137,139
401721402,66.829346,3.7354064364600523,67.17857142857143,-0.0018036004976107571,0.3510877727096755,0.6594639163049162,18.832912227290326,125
401721403,67.10786,3.1760790808318804,68.69711538461539,0.001186016054431514,1.243217529369904,0.6488526137609786,18.08742763192042,124
401721411,71.739204,3.914437361449031,69.35,0.005187876064959126,1.6369280333487382,0.567941658582156,16.544890148469445,132
401721416,67.31252,3.460275553449007,67.57777777777778,-0.0018489297033995465,0.20760715340873404,0.6192530665058991,18.24623900043742,130
401721419,69.37348,4.380660698911878,69.64444444444445,-0.0018564909412635707,0.19006455110354636,0.5700737988127347,17.456994272425867,136
401721420,68.47845,4.3741558338067055,69.31818181818181,-0.0007391335251728462,-0.3462805098147115,0.5430945731110788,17.129497293031495,143
401721421,69.2478,3.0425070770587803,68.91666666666666,-0.00035405026599511126,0.8964184546883764,0.5521423151651168,16.735934486488095,136
401721429,71.11239,3.7697706677996843,70.37777777777778,-0.0014338734083777773,0.6148042511078877,0.5469223117107226,16.528052891749255,140
401721434,71.09393,4.387242863688936,69.775,-0.0014100041860459444,-0.13935248245355325,0.5494462072077715,17.160629078198234,141
401721439,72.35013,3.1486836368743463,70.22619047619048,0.0008882704635876518,1.148371593617437,0.5869771404130956,17.313166867921023,130
401721442,69.98329,4.239357242351827,67.63194444444444,0.009578858409187907,-1.6784217631856677,0.5380523317160233,17.887881222645127,148
401721443,66.85611,3.2796048357715897,67.33333333333334,0.0015089374587731153,1.311387991518437,0.6710791236035181,18.360743156022547,122
401721446,66.19877,3.652989736519163,68.0,-0.0018836987975492283,0.28120160677449135,0.6283994512367868,18.164952239379353,130
401721447,67.57145,3.2002405109849823,67.6375,0.0008212943289392992,-0.7080592098387193,0.5945373321116151,18.211708844875215,137
401721449,69.648224,4.468688078668899,69.85555555555555,0.0016393783178650296,-0.7851188571766308,0.5226445361560018,17.336842995107666,145
401721450,65.44939,4.369924484382178,68.0,-0.0018219640283132265,0.4072419387818371,0.6299584479094334,18.038911907372007,130
401721451,70.68552,4.771909247641208,69.77472527472528,0.010250409131955292,1.95525211189452,0.5411286917497511,15.428805859119972,138
401721452,75.696556,3.9140900713612385,71.07142857142857,-0.0011911635415166228,0.6982753758160989,0.5641181176566451,16.819972799366383,137
401721454,68.56874,3.239181971438998,68.50757575757575,-0.0016879275217767408,0.4733335117097397,0.6110565122651949,17.980512642136414,130
401721455,70.59938,3.0086034532428005,69.0974025974026,-0.001648541547414065,0.5026956596899517,0.5502954994417256,16.88136231132454,138
401721456,69.4125,4.158014269938891,69.14285714285714,0.0010672116715304705,1.166296955737785,0.5871733910493475,16.744150805456243,134
401721457,69.042595,4.2283877326454915,68.35795454545455,-0.0016560446095784842,0.46017024745663804,0.5788294691045153,17.721647934361545,132
401721458,71.30642,4.667105495210636,70.83571428571429,0.0022913947687865184,-0.867241507736491,0.5186466552641165,17.07670096719595,148
401721465,74.29232,4.371403954253718,70.81666666666666,-0.0018786213827677975,0.2287697395003292,0.5565137427353393,17.162534608325757,138
401721474,70.58037,3.794336114759079,70.3125,0.0005417928075122028,-0.5851010745324672,0.5025709784433946,16.69248362486804,149
401721475,69.40536,3.312439214425903,69.3701923076923,-0.0001733609274392289,-0.47737909544414947,0.545787131232007,17.620236238301292,140
401721476,69.39317,2.801680194031225,67.41666666666666,0.00576234060957537,1.7121255434788054,0.5883016066513286,16.749412918059654,130
401721477,67.583855,3.8716049111303015,66.56764705882352,0.001924172473508758,-0.8984157251347789,0.6043292583655672,18.402065360171274,137
401721483,69.19787,3.0856261684480506,68.30555555555554,0.00026220500432481996,1.070961566522822,0.6324180259608179,17.976657481096225,126
401721726,69.833694,3.7509102982104556,70.6375,0.0035494762351144233,-1.12518396444894,0.6049941403560039,18.450941540206514,132
401721736,66.36945,3.736336932329116,68.46666666666667,-0.0015415989741086994,0.5902564363463085,0.6375016204185483,18.01439472644439,129
401721737,70.52222,6.708584403362947,69.65555555555557,0.0059452108820797385,-1.2826073579491926,0.5062343927077679,17.17664709304853,151
401721741,69.7633,4.156605461161624,71.6,0.0006236067422017627,-0.6258121165955153,0.5368632298364572,17.17753625452655,145
401721748,66.003075,4.1807404916097495,69.22619047619048,-0.0016686562681272913,0.4654302807968129,0.6279547933037529,18.424333498730746,127
401721749,69.90515,3.720063865556387,70.46753246753246,0.001302663119348148,-0.7594014357218093,0.5527231095245736,17.78067803146649,141
401721751,65.95198,3.1334334879545978,68.64285714285714,-0.0016125737023821984,0.552566745957126,0.6274246614638992,17.89358710019672,130
401721754,66.91711,5.627633899113552,68.44642857142857,-0.0009563116260451356,-0.31284867291030594,0.6218336533065725,18.633459359933205,131
401721756,69.50287,5.3913798976053195,70.24107142857143,0.005292278956965254,-1.2133726132447258,0.5109490699572652,17.09416731523148,151
401721859,67.17593,4.006203081925229,69.54166666666666,-0.001584379438490871,-0.055663086029003495,0.6494046493770463,18.93755284980853,127
401721863,65.72826,3.1154474266003955,67.04761904761905,-0.00048618486715226543,-0.4234838735736268,0.574137915252609,17.814788221399713,138
401721866,69.70603,2.8112446711408094,66.3,-0.0005761112136685591,0.870592152607923,0.5946168187654742,17.442384946628717,131
401721867,62.89216,4.233711239685169,63.2,-0.0013064049994134285,0.6637731860634482,0.6299987761647148,18.22599059346411,127
401721869,68.130226,1.9762938324864443,65.79166666666666,-0.001780336229024798,0.059164005148169,0.5496427771482671,17.083693137708973,140
401721870,66.897354,3.8251509015164373,65.16666666666666,0.008507137561564593,-1.5892299916748769,0.5427232709236198,17.915760603919775,147
401721871,65.96534,3.940569339411438,65.80555555555556,-0.00021958311521439206,0.9737721132484225,0.6345768708275279,18.073846934370625,126
401721874,67.86898,3.055599917550574,65.45,-0.0016129745816979325,0.5442797294530131,0.5996167696046727,17.500833052501875,133
401721875,65.89947,3.1282384887515526,65.5142857142857,0.00013701032737831607,1.082062295584187,0.6863890924226211,19.08600493130657,119
401721876,63.414177,3.3493543239861125,64.89682539682539,-0.0006809075920152472,-0.3866942831253759,0.6083566701957364,18.553360949792044,132
401721877,64.67792,4.721932146728924,67.71428571428572,-0.0013618995038578122,-0.17419455819353402,0.5933748172656621,17.821253381722947,136
401721880,63.851578,3.3881127581126,63.02083333333333,-0.0010057981138558343,0.7521646281259322,0.5902914628023896,17.53791170775193,131
401721885,66.88654,4.121905150749308,67.07386363636363,-0.001772782613411039,0.06426633703034312,0.628816803330262,18.397272124508117,130
401721886,66.04735,4.1992418902156805,65.18253968253968,-0.0002862278282969637,0.97819666807559,0.6678078032526167,18.517738291274004,123
401721891,65.758675,3.4821556621098098,66.52678571428572,-0.0018646885262242907,0.2084151164609871,0.6449069041728841,18.541584883539013,128
401721892,67.0829,4.473283155382687,66.13888888888889,-0.0010530663145363298,-0.2864974429482885,0.6270015104392305,18.607108129971188,131
401721896,65.07004,3.650341735392189,65.5,-0.0004940883892291946,0.9289236018584184,0.6686411531243348,18.575141438791988,123
401721899,63.66129,3.03798376630848,63.14204545454545,0.0018108881109494507,1.3509846655196611,0.670111079863825,18.153080375130745,123
401721902,67.78325,3.7725240176523718,67.54895104895105,0.0026953988160503687,1.3681463666006195,0.5673068945177621,16.54230139459341,134
401721903,68.3523,4.313338274477741,67.72222222222223,-0.0017738099164810513,0.4464981142714386,0.5928095224951919,17.449024273788265,134
401721904,63.044067,3.3538079972200125,65.93333333333334,-0.0016623382377815887,0.5140416387448496,0.6585152944376463,18.533577408874198,126
401721906,68.35659,3.799503897934752,66.94166666666666,0.01974534939717839,2.759925009955957,0.6426135258296898,17.06652127103578,121
401721907,68.85637,2.6349088266939598,63.97916666666667,-0.0014798122888048952,0.5849562777860271,0.5564749274275703,16.91869335725047,137
401721909,70.642555,3.349594348401534,66.21428571428572,0.01807005658166861,2.5771640888985345,0.6125002687673275,16.454581942847497,126
401721916,65.888954,3.343049195988073,67.9090909090909,0.0021336718549668575,-0.9498106202397594,0.6151037963347733,18.852795694866625,134
401721917,64.617805,4.044428016981808,66.4,0.0075094872669821625,-1.549162054212708,0.5741230695006921,18.450570504916932,142
401721919,63.58395,3.667182662469339,64.9047619047619,0.0006911421546483264,1.1374765725217877,0.6198512210202358,17.581273427478212,128
401721922,68.26298,3.403336684108607,66.80909090909091,-0.0013394662507456745,0.6511639965985836,0.6168491625786942,17.953487166192115,129
401721924,63.897614,3.419705187613939,64.16428571428571,-0.0017822912339861532,0.03334389981845476,0.644992811223934,18.428194561720005,130
401721926,63.967724,2.958031111401697,64.83974358974359,-0.0013663067359161187,0.6623092784225548,0.641911586964359,18.087690721577445,128
401721927,65.49754,3.8768965108192663,67.68333333333334,0.005678028036211624,-1.3722796150065442,0.5924554996679036,18.50799390072083,140
401721946,62.662693,5.6691127879895955,63.51428571428572,0.003129689344945973,1.5366079247509852,0.6692455577052568,18.29810281905067,121
401721979,66.27418,4.415414587406997,66.91071428571428,-0.0018871700748032195,0.2995092408160396,0.622128665415243,18.02110144620686,131
401722001,69.80667,3.6574742907769062,70.46666666666667,-0.0018756778292720866,0.1385869457301112,0.5527179973073726,17.00427019712703,140
401722002,77.09071,4.0357069260108895,73.58333333333333,0.049673527068941084,-3.5337352568735216,0.42351585345811416,16.566343952525695,184
401722007,65.942604,4.276585379130456,64.61111111111111,-0.0007808912678290111,0.8199759465203265,0.6158423444203512,18.211770085225705,126
401722019,60.224964,3.8993181081035013,63.02380952380952,0.009803743845699615,2.188038179221742,0.671984600868844,17.971625686324476,119
401722045,69.63944,4.114954512752545,68.77777777777777,-0.000558034090443555,-0.39089289645611913,0.5388279267624347,16.935720482663015,145
401722046,72.25053,4.7069498520092345,71.38571428571429,-0.001140149983347043,-0.23038619291769535,0.5333843601682022,16.890108415139917,144
401722050,70.18609,3.3843637643968725,70.20634920634922,0.003943276464512345,-1.1145379785272809,0.5539633514723588,17.666262116458316,145
401722051,66.020035,4.825665117820909,68.6875,-0.0006451580363260552,-0.3904618350495639,0.585390845927489,17.908710010232046,137
401722052,68.43162,4.311674228551823,68.5340909090909,-0.0017457518674916634,0.048049293029812645,0.5589244660881296,17.343255054796273,138
401722064,64.62348,4.737355768423606,67.61904761904762,-0.0013660382281002687,0.6303314578232673,0.6083183227002623,17.95881582899844,129
401722065,68.7677,3.0545198289628437,68.9375,-0.0018386221026249064,0.1198461193532836,0.5623794531461541,17.271458228472802,138
401722131,68.7837,4.6862221041461005,71.16666666666666,0.007092847168671866,1.8914577762869769,0.6424323603070332,17.308542223713022,125
401722145,69.57486,2.409078545885714,69.95,0.0014743816879405065,-0.7639099225792414,0.5315447264238546,17.308737508786137,145
401722146,71.66174,2.870384121069245,71.83333333333334,0.00013809245560819086,0.9600398476350076,0.5082395214319119,15.591684290296028,145
401722148,69.54998,2.6017849458012137,70.125,0.002568203091760042,1.3683530679044047,0.5794804388835902,16.81346511391378,132
401722155,61.388607,3.753443992546618,65.03333333333333,0.00615473916763041,-1.395438307907682,0.5774175561413962,18.178655091124465,143
401722156,62.036915,3.7129678149714094,64.64285714285714,0.0007703274320365183,1.1810712787874138,0.656419848225208,18.31486368056218,123
401722161,63.13142,4.9590041334147035,65.67857142857143,-0.0018797830612536793,0.1730052945174343,0.6348943497701363,18.288533167021026,130
401722165,61.266914,2.8196526227725567,64.77777777777777,-0.001200377810906553,0.7185876237177169,0.655742515905161,18.449412376282282,125
401722209,68.904564,4.113726982190071,67.85,0.010886557433739943,2.2541379355215447,0.6719019591966846,17.745862064478455,120
401722211,69.61395,3.470931782595554,67.78787878787878,0.010620915355741162,-1.7357847079138686,0.5223120224788028,17.629824443013206,151
401722242,66.78369,2.741226940272374,66.76666666666667,-0.0015825396714720561,0.5518166514836409,0.6346912177499606,18.19818334851636,128
401722244,69.8049,2.901356514016401,69.71428571428572,-0.0014878190562509584,0.5979440844668602,0.5684642099044762,16.92030409071562,137
401722245,63.78709,3.673582433157115,65.09027777777777,0.0029081012922920232,1.5288220429935677,0.6885093235233034,18.622438461208112,119
401722253,63.397526,3.9180517972156275,65.05,-0.001857086445249911,0.2091652983939163,0.6223688494989105,18.252373163144544,130
401722256,70.18651,2.9898497606126937,68.55194805194805,-0.00103762992671536,-0.27004088951895966,0.5473588203221317,17.053257672735743,143
401722349,68.76769,5.491997335512812,66.80000000000001,-0.0019201448809218243,0.24367328145623546,0.5682694558838921,17.14763106636985,138
401722350,66.39593,6.434672612667018,66.16666666666666,-0.0007159778892716198,-0.3568662396888378,0.5546123855249656,17.37814283543352,141
401722354,65.237595,5.843846820618519,65.3125,-0.00022597631818031602,-0.5012321571253899,0.6016114266306227,18.27900993490317,135
401722357,65.772385,5.43877825878689,65.6025641025641,0.0017410782320770115,-0.8401894928183147,0.5745363968279713,17.847281691399875,141
401722360,67.12744,5.272220436969505,67.40833333333333,-0.0012503552580830331,0.6849937119228855,0.6223571201300442,18.049381288077115,128
401722373,64.79029,5.387910188494457,65.97916666666666,-0.001681107954378067,0.017647347680078695,0.6434914467470115,18.856368400351418,127
401722377,70.68894,5.501801494278703,68.11931818181819,-0.0007596768766899813,0.819881079635497,0.5680386527937613,16.683768555401,137
401722381,64.88877,4.9865836176993685,65.59821428571428,0.007480384542670516,-1.47375689387626,0.5325150922922931,17.67645959657896,148
401722395,74.8707,3.975181989442526,70.4857142857143,0.007125314890701231,-1.3525029426917872,0.4845237755077269,16.711477301666147,156
401722396,68.99449,5.5102328925483945,67.85714285714286,0.008827123646936648,2.12503987363246,0.668556508361424,18.213943177214997,118
401722400,66.24204,4.747235749530078,65.64444444444445,-0.0016722292447234849,-0.016828386861554634,0.5602211094599014,17.283015437221266,139
401722401,74.212845,5.4142010266628,69.77777777777777,-0.0018637396752766318,0.16467941729642632,0.5597040358757993,17.22662493052966,138
401722430,65.92367,5.275835893130573,66.01666666666667,0.00449189542745797,1.649970144694322,0.6417381382585481,17.550029855305677,125
401722434,63.644547,4.292552030599516,65.35714285714286,0.00878795108282297,2.0662868116734536,0.65349338738895,17.60584433586753,122
401722435,69.897255,3.928352594696279,68.4920634920635,0.00556113733922736,1.7765595537214764,0.6540252454195686,17.719375405628117,123
401722437,70.66517,3.933907960581373,67.6,-0.0019306515330176676,0.13562194032197894,0.5235067706210367,16.295884908993088,146
401722477,60.422382,4.211843347982493,62.925,0.04608143929161456,4.349416586588376,0.7691528910155221,18.717891105719318,104
401722481,70.91711,4.385517387996328,68.79166666666666,-0.0017577745822173012,0.04908855262596745,0.5466004710044535,17.08662573308832,140
401722494,60.98754,5.443328733076717,63.78333333333333,0.03537247398519239,3.7705083672740294,0.7451476983249093,18.22949163272597,109
401722496,64.39349,5.120149859600861,66.18939393939394,0.003478501874352817,1.5490276592069847,0.6485575217196932,17.78968201821237,124
401722500,68.35741,4.512311336819547,68.04166666666667,-0.0008960749768965688,-0.32005860826878774,0.5784502655791374,17.711362956094874,138
401722501,71.87621,4.555337808651295,69.6,0.004853322323336808,1.6306359363349614,0.5956147681003637,16.8309025252035,130
401722510,70.660164,4.086970319209066,68.89285714285714,0.0009300132609295044,1.145618150090428,0.5784192751347922,17.028624274151998,132
401722512,70.75081,4.220638269540674,68.9375,-6.406784504987217e-05,0.9678042354919363,0.5716952919768098,16.795158727471026,135
401722513,67.394325,5.857911488084234,66.09615384615384,-0.0008053076137185226,-0.358091929401958,0.6210883250522369,18.678702616424857,131
401722519,65.571236,4.917642976218275,65.03571428571428,-0.0018195264608168607,0.2438274179908042,0.6674695357792044,19.09488225942855,124
401722523,68.68366,4.915311712450579,67.31428571428572,0.020110104206350243,2.7794446181096575,0.6481171302795966,17.047001662882078,121
401722530,61.239273,4.931808051030131,63.0625,0.014280600617771299,2.6146892485278066,0.7360249840198019,18.615399247047414,113
401722531,68.63377,6.370270335094323,66.32142857142857,-0.0019703657737209553,0.2647743734822363,0.5825758088126118,17.119283597532256,138
401722539,68.5808,2.9054219858826826,70.93333333333334,-0.0010733276577736212,-0.2491351699772295,0.5495842659003132,17.37770659854866,140
401722540,68.91333,5.02170020606048,66.44444444444444,-0.001690016366162338,0.011012545573990451,0.5233533721511487,16.772204237642793,143
401722542,75.77905,4.498129776395357,70.34615384615384,-0.001676000542763763,-0.04230321548761751,0.5225139296560762,16.368833827732516,147
401722543,65.16672,4.763498128818673,66.37857142857143,0.0029938580631689135,-1.0659558496167314,0.61211285973301,18.69095584961673,136
401722545,59.46313,3.6039789072717685,64.86111111111111,0.021049456745559626,2.938367858180719,0.6922048548056726,17.751287314233075,116
401722550,60.684525,4.604732200847291,62.699999999999996,0.0013074176633212373,1.2746780315161779,0.6679897194077575,18.213126846532603,123
401722552,64.97499,4.984375549519154,67.5,-0.0006948789206642121,0.8729883395700107,0.6601522937048955,18.48185037010741,124
401722553,60.034473,5.341327318971626,62.54545454545455,0.040758912982600405,4.119087093812894,0.7810896225040463,18.728531953806154,105
401723709,69.48504,4.485803362245649,69.4375,-0.0015638838267700674,-0.06111374009436332,0.5742829873176544,17.708172563623776,136
401723722,69.70835,4.103049866475865,69.35714285714286,0.0031429918090752646,1.4753985120486277,0.6067231042069854,17.42223928322696,127
401723765,66.90677,3.409056902020309,68.13888888888889,-0.001363245555972412,0.6333779754637732,0.6731076097882738,19.20133276833788,121
401723766,68.20644,4.119534409689341,68.00892857142857,0.006885371513668888,-1.4307197885143985,0.5280665677253927,17.869075952897962,146
401723767,68.56962,3.793322818873584,67.8125,-0.0008413564966968511,-0.3225786205487182,0.5461171587007564,17.1057954037655,143
401723773,67.37061,4.060781454361713,68.75,-0.001055731135491483,0.7610804288040391,0.621096159608667,17.692765725042115,130
401723774,66.72635,2.7480309402919545,67.97619047619048,-0.0014522808860639922,-0.09804041761005067,0.6303751587024815,18.99567821288564,127
401724349,63.5211,6.01576485480372,66.71666666666667,-0.0012061493598675714,0.696438072461131,0.6386428269731513,18.50356192753887,125
401724352,69.82859,4.977895182969473,68.68333333333334,0.0015368999923899564,1.2541400395751587,0.6041141175941589,17.199706114270995,130
401724353,68.58702,6.349157555433454,68.58333333333333,-0.001404486153038352,-0.13015804516155782,0.5708301819690828,17.76251098633803,136
401724354,65.241196,4.887873876719761,67.6,-0.001873768429678044,0.21495445718174722,0.6263965932800274,18.231199388972097,130
401724357,64.91646,2.8991009555270377,66.62857142857143,0.012111943508505378,2.3713151578770884,0.6876254367184177,17.94224416415681,118
401724361,68.95764,4.250258620772533,67.08333333333334,-0.001802864506371682,0.06433724052775602,0.5614995393564399,17.194655565227638,139
401724366,68.92391,6.649537416908879,69.85,-0.0014350902333254238,-0.12299841883664442,0.538534005491708,17.02440686954087,142
401724367,63.805267,4.925464736888767,66.85714285714286,0.009580673401602485,2.1880817981813223,0.688040069785679,18.13395210012376,118
401724368,66.53891,4.569472792390533,68.11666666666667,-5.79268978648891e-05,-0.5335571481959747,0.5928692361652265,18.180615971725388,136
401724369,73.4859,5.1584856872146965,72.1625,0.01214940098514023,-1.752408218996358,0.478392804702071,16.752408218996358,160
401724373,67.567825,3.3684668234033235,67.08333333333334,0.0009527776483734535,-0.7504615442316869,0.620626603334952,18.520831914602056,135
401724374,65.72159,4.1213206464391225,66.6875,0.0004191015203766972,-0.6192805679870439,0.579668973670693,17.640557163731724,141
401724377,62.01299,5.327988175615829,66.64285714285714,0.0006964430204624629,1.1680779004911095,0.6558958906720769,18.34411722146011,123
401724378,75.02937,6.132475028306535,71.58333333333333,0.005043806102659291,-1.1134116293295726,0.47346971949661787,16.100911629329573,160
401724380,62.778698,6.2437885393049894,66.4375,-0.0015991452030825323,-0.066072550505762,0.6186134298312908,18.23273921717243,132
401724383,72.24233,4.338077929024454,72.83333333333334,0.01226502446899547,2.2007818372196937,0.5864441537213521,16.403869325571005,129
401724390,64.4162,5.099806081008321,66.71666666666667,-0.001834233324155903,0.2784105326722788,0.6224345254337237,18.32624063011842,129
401724395,66.02371,3.856982899691568,68.5,-0.0013215371756650485,-0.17875888742858947,0.5664935718932743,17.4449459377883,139
401724397,68.0754,3.5688036621977415,67.67142857142858,0.0014851536221438678,1.249778471487467,0.6033865466517063,17.33936881533424,129
401724402,64.77426,4.485231602747067,65.96464646464646,0.003146100096608067,1.530183864493491,0.6666892967890493,18.12555384042454,122
401724404,69.32201,2.977048871595117,69.9375,0.0018854140534817156,1.2894719660184641,0.5947282891944283,16.88477045822396,132
401724409,72.48974,4.89832748154218,69.9090909090909,-0.0004889321683892328,0.8739078437848669,0.5588855228741758,16.644340331397615,137
401724412,67.84467,3.33355340447456,66.6,-0.001515107597720267,0.6123793949585057,0.5794277094523811,16.764432199244393,138
401724421,65.29246,3.77658430183556,67.35795454545455,0.0064486049012467996,1.9547676602759445,0.7208834650998391,18.726266822482675,116
401724423,69.59316,5.740154818627411,68.95833333333333,-0.00014951194745388576,0.9793917564062369,0.6183818900189642,17.770608243593763,128
401724426,66.75438,3.742605700850998,68.8375,-0.00185029176620958,0.32895052762497556,0.6419523551759532,18.413236972375024,128
401724429,62.678276,5.800005007257186,66.53888888888889,-0.0014021070783939381,-0.1303105367323596,0.6052824968187951,18.45092122375526,131
401724431,68.10961,5.320005425150407,69.58333333333334,0.002131072198029788,1.3353163643938615,0.59606505850162,17.269334798396837,129
401724439,65.91255,5.478615517333485,67.02222222222221,0.0002905670627382696,-0.5680804810776934,0.5379604613431914,17.469488931781918,142
401724443,61.887722,4.833423998806545,65.91414141414141,0.0002635711586826957,1.0895249865757144,0.6596276185552051,18.40640997277388,123
401724445,72.595474,4.503251732087178,69.65,0.009277529239269253,2.0055312831411065,0.6015104936583721,16.599119879649592,129
401724446,65.95999,4.401822143893513,67.07692307692308,0.006109943229423629,1.8704110210906002,0.6903808128631058,18.1295889789094,120
401724450,66.456,5.66122246828882,69.8452380952381,-0.0017224705745847147,0.4731629572991487,0.6140059401113731,17.84744772972375,131
401724454,71.43444,4.636959001371362,71.5,-0.000542834317652911,0.8632108058109047,0.5674975952372482,17.047236955383124,134
401724455,63.097424,5.205728938461721,66.1923076923077,0.01518710360481373,2.5733886666300556,0.6954898379052586,17.7655943842174,118
401724459,73.8416,4.7207608963520435,70.58333333333334,-0.0018828403573246597,0.25407041040411826,0.5633848944304595,17.23498068448639,137
401724462,65.622955,4.99774537500314,66.75714285714285,0.007726579867852354,-1.559338990093309,0.56691048719393,18.342555773310092,143
401724465,67.754,5.349576619717331,67.73333333333333,0.0029075593390314493,-0.9676566295488733,0.5347428952352961,17.39916347886394,146
401724467,65.14375,4.755672852905455,65.36666666666667,-0.0017916947221190125,0.30909722216765445,0.5917047141461524,18.011513464855245,131
401724469,69.41098,4.628404875209021,71.5,-0.0013892026972682032,-0.1511120100058818,0.569395928679957,17.520677227397186,138
401724470,62.73325,5.164861098446764,65.94242424242424,-0.0007738188384882339,-0.3635846816985904,0.608688527022267,18.40869746365348,133
401724471,65.10374,4.292740914212401,66.44841269841271,0.004775948914925266,-1.2927710549850921,0.6040237909636247,18.796420690021588,137
401724473,63.64979,3.9957500413399183,65.00974025974025,0.0017188030693748558,1.3503163062019716,0.6782295561909911,18.484394437599683,121
401724556,75.004456,5.167589828375041,75.0142857142857,-0.001726815469628689,0.025800448988569258,0.5268496341562485,16.757416334228214,143
401724712,75.29073,3.6432207789229207,74.33333333333334,0.00025544331361373123,-0.5499884906693673,0.5276112802458572,16.64394822221299,149
401724751,71.673836,5.351291133929472,70.6,0.008756109730629059,1.9638225451021398,0.5874618489715837,16.64082861768856,129
401724753,67.15068,3.415167467792527,67.33333333333334,-0.0018351546787192656,0.1799935967777877,0.6283564015625919,18.42465756601291,129
401724802,64.43094,3.925758799322684,64.96428571428572,-0.00017350535111567973,0.986155936555182,0.6410400378605893,18.526039185396037,123
401724805,62.96686,4.4108552327515085,65.64285714285714,0.005181572370184344,1.7426511725122111,0.6604667996577035,17.769543949439008,123
401724806,65.28171,4.0372744811309484,67.4625,-0.0018409182623901489,0.3408248533442091,0.6111739999486543,17.964518658106172,131
401724808,66.7236,4.766293093875479,67.0952380952381,-0.0017231347229540411,0.4447729360574826,0.6583510723013499,18.755227063942517,125
401724824,71.571625,5.231945218401496,69.475,-0.0018042878878516931,0.2432582095914313,0.5581442520908472,17.534519568186347,135
401724831,68.54923,4.527645846941372,67.91666666666666,-0.000500508330436834,0.8955793133079766,0.601592447178561,17.27866311093445,132
401724834,67.95498,3.775398070631983,69.25,-0.0010076534282523356,0.7581759796635765,0.5693224582042654,16.730875115226933,137
401724840,69.43564,4.703987060607091,69.54761904761905,-0.001470594514864853,-0.10599031370400169,0.5081175213377084,16.4325209259489,147
401724842,59.194107,2.5471634742047504,62.1625,0.0005971537474105238,1.1575625351297738,0.6659851274076781,18.51456861241121,122
401724845,65.75146,2.1968491260593717,65.78571428571428,0.012186221234136261,2.409543618469712,0.6840442691096699,18.271490864288907,116
401724846,70.7101,4.219476210472887,69.70833333333334,0.010478518365423404,2.0440572502986214,0.5665627993056928,16.137760931519562,132
401724852,67.54783,4.765140388897165,67.26515151515152,-0.0017887113007156643,0.26902669012375924,0.6356849683504038,18.770655849558782,126
401724854,66.064514,4.594186142887613,66.3125,-0.0010888339098260624,-0.27409866929225046,0.6202192749351506,18.44076533595892,132
401724857,65.242905,4.138175563449918,68.78888888888889,0.0032815236985766446,-1.0823826845704936,0.5822793280178614,18.459194278773392,138
401724860,71.565094,5.860455877741208,70.71538461538461,0.016852664317266307,2.5694654674712325,0.6324212714481412,16.942729654479987,123
401724869,65.29329,4.243919564965575,64.92857142857143,0.001907557333401245,-0.925301868675465,0.6205139516673841,19.10712005049365,132
401724885,69.9894,4.513023364203259,69.77083333333334,0.001213600783835816,-0.7122082743157669,0.5267243571321042,16.921667733775227,148
401724891,71.28687,3.9176637714932667,70.09027777777777,-0.000862404029853346,-0.30400786871290464,0.5247814914258851,16.8488354549198,145
401724897,66.821075,3.069476154733829,65.79166666666666,0.005697881586767278,-1.3327363007169097,0.5671795509767376,17.999402967383578,144
401724900,67.68834,4.180267514340439,69.25,7.158291164043057e-06,-0.5571376266906469,0.6074415773966997,18.460122701317513,134
401724902,69.55476,5.468180391912808,68.47142857142856,0.004017749244029198,-1.0957356960522517,0.5306950247915321,17.31195191226847,148
401724903,67.38718,5.709164935385285,66.65,0.0026682469888657367,-1.006438286639849,0.5945710414383649,18.510087921676345,137
401724907,67.55265,3.754357084073827,67.67582417582418,0.0007777866300199408,-0.724910273300793,0.616747159906044,19.037887372537433,131
401724908,65.055084,4.52927914072656,66.09027777777777,0.0004959060324041611,-0.6448402939297537,0.5877683915253517,18.291899117459167,136
401724915,71.283714,5.4440796769422,69.6875,-0.0004882364959036434,0.8830410006066742,0.5769737843265148,17.027406760587354,134
401724916,63.064865,3.421991792690582,66.5,0.012398009821360209,2.410747742929317,0.6941930786062293,18.102072769891198,117
401724920,64.954,3.8770677720408164,67.69285714285715,-0.0003042621543649583,0.9757042690634599,0.665133609925503,18.05604176268257,126
401724925,65.895454,4.574364488031512,66.34415584415584,0.0009508848667970713,-0.7349455193345023,0.5964835763844032,18.374651401687444,136
401724927,66.179665,4.048855702607141,66.22727272727272,0.0016384462836620461,-0.8636966649703055,0.6103238390047371,18.641474442748084,135
401725522,65.088356,4.354292353967906,65.61904761904762,-0.001849668340943117,0.2677935538848111,0.6273480014373,18.336857608905888,129
401725531,70.48744,4.941781444054342,69.4375,0.0014773693025964447,-0.7342031728540874,0.5070696687432439,16.628242907953425,151
401725537,69.62423,4.898918969059632,69.825,0.0015943983009059617,-0.761155389348172,0.5085534458230475,16.97061484880763,148
401725546,70.29173,4.447889291022305,68.9,-0.0018089066981350186,0.39510155354008347,0.6129189318443388,17.910241957910298,131
401725548,68.74287,5.088829761536271,70.36507936507937,0.006854747952211111,1.8629255712679758,0.6174132814387009,17.321074428732025,125
401725549,73.26441,4.8127024477608655,70.43333333333334,-0.0016176754331650655,0.509917866398073,0.5516931752125489,16.993731768638423,137
401725555,67.25054,5.04313362917646,68.75,0.0037283971919036996,-1.0564420675314956,0.5208956711535032,17.272658283747713,148
401725570,69.86182,5.049009542582585,69.125,0.00299536806371259,1.4376906555710747,0.5999997845609825,17.023847805967385,130
401725571,62.562653,4.581275685256095,65.90476190476191,-0.001207434163840514,0.7112548840982065,0.6523408295274267,18.480745115901794,125
401725574,70.8181,3.6482784911479262,68.64285714285714,0.022551320303691856,2.8123831975630296,0.6146518099741528,16.37161680243697,125
401725576,70.39644,3.60287745208759,67.97142857142856,-0.0018952841517967172,0.19129646561099278,0.5487982856699454,16.95156067724615,140
401725577,69.59612,4.366220962734667,68.63068181818181,-0.0016605845838717317,0.011507829884806142,0.5875934740380572,18.0260861550776,133
401725580,64.39502,5.140916431081656,68.51704545454545,-0.00012815257019482875,0.997768830997213,0.6424297017841941,18.357069878680207,124
401725581,73.94765,4.699569330491878,69.05555555555556,-0.0015013197001123627,-0.08741430488750623,0.5325762079895711,16.98882275559173,142
401725589,70.09865,4.735769021253079,69.0,0.0002606554826541372,-0.5515118147238809,0.5254880286355054,16.989867979107444,146
401725591,66.46179,5.128901958839613,68.64583333333334,-0.0003914048160695868,-0.46797670561735316,0.6154410243490378,18.649794887435537,132
401725592,73.58136,3.297040237768522,67.25,-0.0018742616631599325,0.3018619527370703,0.540253976904916,16.833852332977216,140
401725598,70.915855,3.319514742728979,69.06111111111112,-0.0005110648366434097,-0.3882101871491077,0.512512878954397,16.381543520482442,150
401725599,68.11565,6.061530275397885,69.63736263736263,-0.0013812069059157264,-0.12543731749156706,0.5800379930228036,18.163031302453973,133
401725604,69.48862,4.2859306170305445,68.89015151515152,-0.0013155352110836701,-0.17122470139679535,0.587780000884887,18.0667470894565,134
401725608,71.33079,3.556254202147258,69.0125,0.0123169753591334,2.296407292764968,0.628734086284222,17.199527666584626,123
401725612,68.02432,4.736828667063171,68.45,0.0002566692974763317,-0.5958782617056606,0.5873012806142152,18.10682716681515,137
401725613,70.96315,3.5108932973841465,68.11688311688312,-0.0018944048143666782,0.38611006765517075,0.531483122140925,16.280556599011497,144
401725614,65.34106,4.457324081469908,66.94871794871796,0.0013845303409600908,-0.8017496044607739,0.5910750181193112,18.19305395228686,138
401725616,72.76148,5.3806143855244795,69.8625,0.0008659387883514804,-0.6508299586718103,0.5173105554015868,16.867046174888028,148
401725618,73.72883,4.321709904338259,70.125,-0.0014130106500256146,-0.13232439763768866,0.5016154110103574,16.23970694797326,149
401725619,70.03111,4.665194492049242,68.58585858585859,-0.0007617117008825804,0.8236489399506723,0.601576130943886,17.765498346871034,129
401725620,71.7692,4.466448268436485,68.71527777777777,-0.0016893229739194738,0.019332287358160727,0.5394708837554836,17.116381998356125,140
401725623,67.05308,6.35232536098294,69.88571428571429,-0.001854039855989031,0.16799549579591755,0.6071133773443704,17.99867117087075,132
401725629,62.270092,3.631440410623387,64.1875,0.0023890314949853407,1.4431371647850355,0.6738164665718572,18.39157357901662,121
401725651,66.553955,4.5431545363477905,67.66666666666666,0.015579415881501534,2.6556620598212213,0.7121601529402715,18.213903157570083,115
401725654,68.82763,4.387115107691774,68.4,0.0004235271275290849,1.0854477005138712,0.6118657421122595,17.503699586307835,129
401725659,64.38064,6.037377789806481,67.5,0.00043797145975462353,-0.6414906305929797,0.5995030386945422,18.41186100096335,135
401725685,67.768814,6.036356914300022,67.84285714285716,0.016369290495324602,2.7216564928820937,0.7091432163252765,18.322203156240715,114
401725697,72.835106,4.343283162024426,69.80000000000001,0.00420646985957339,-1.0707175536095885,0.49031749939551195,16.743920167988673,153
401725698,67.68459,4.3591959133094935,66.0625,0.0004003974396184754,-0.6254259043989308,0.5891259389338902,18.11447699928944,137
401725700,65.99964,3.4909274711811715,68.57142857142857,0.0001965989270722771,1.0671371960705116,0.6462187968724444,18.12486280392949,125
401725707,61.656944,4.28695787324884,66.30555555555556,-0.0010573715872380814,0.7720074665359782,0.6736681212197065,18.732057574114428,123
401725717,65.35093,3.263844951332403,67.3625,5.10195827539283e-05,1.0395393679275173,0.6484733096116159,18.160460632072482,125
401725718,66.36447,4.96411376181474,66.06349206349206,-0.0017903977295407303,0.29698042581390993,0.6586158214928537,19.049793767734478,124
401725728,66.299126,3.904843842497592,65.91666666666666,-0.0002030583719859466,1.001283054156385,0.6755852900246554,18.662651372073125,122
401725732,67.22832,4.674460543773831,69.6,0.010652220114392834,-1.9158910748161588,0.5945169154064093,19.292702669019057,138
401725733,68.712364,3.478246826591133,70.27777777777777,0.0006230265735017283,-0.6114352420329858,0.5205384128666561,16.814137944735688,148
401725739,64.632355,4.668300887007934,65.34415584415584,-0.0015130773646475964,0.5915188589121918,0.6447467805816749,18.298244920615367,127
401725749,64.15515,3.9062418831031906,65.1,0.007484529795655242,1.9716451778088846,0.6541833079445692,17.85480110318285,121
401725754,66.778824,4.467415635794141,67.16666666666666,-0.0006312851387633389,-0.3998666852998589,0.5987118038232739,18.177644463077637,135
401725757,73.39661,3.481128963786027,69.66666666666667,-0.0015707620576635535,0.5425140703625324,0.5430600869063463,16.71647873539286,139
401725758,61.865803,4.304838678125082,66.12727272727273,-0.0006723895647491936,0.8710216280424845,0.6386578726448422,18.026616167233104,127
401725762,64.77639,5.245415271691083,65.17832167832168,0.0024939221635562926,1.4552374008208453,0.6689258801879976,18.37947334298081,121
401725768,68.25177,4.917641661016114,68.375,-0.0015125580926275556,-0.08282388396769136,0.5720968715615137,17.729882707497104,136
401725771,66.28356,4.0571909087401306,64.94444444444444,-0.0017880946245695658,0.422032434535506,0.643386408261179,18.327967565464494,128
401725777,66.828354,3.1725452416572204,65.93571428571428,0.0007921159054201919,-0.6814143501897654,0.5664433047098921,17.824271493046908,140
401725778,66.20192,5.163271738101939,66.77142857142857,0.015105014617141529,2.602298383542262,0.6890060377963791,18.078736099216357,116
401725780,65.802795,5.795946378409957,66.41666666666666,-0.0017226257185582866,0.48839557445247905,0.6478202655547733,18.26160442554752,128
401725782,72.08438,4.828803091532142,69.21428571428572,-8.05630710203024e-05,0.9691591913650015,0.5794982208765863,17.197507475301666,132
401725787,61.644253,5.07728580807938,64.6969696969697,0.019563104497461303,2.8813156959352924,0.6915278347861206,17.988249521456012,115
401726450,68.77205,5.940716402581173,70.61904761904762,-0.0018163778054541032,0.3455906644227227,0.6039970888718182,17.95975284702766,131
401726459,65.075485,3.5239200916300994,65.7,-0.0011220278994384365,0.7524028199109623,0.6170060195208412,17.292709962043926,133
401726460,66.21319,3.4730238994441702,66.13888888888889,-0.00018452835580102478,-0.5275374627849239,0.6294780232834776,18.709355644603107,132
401727129,69.22179,3.911948429933088,68.96666666666667,0.0025089700073940412,-0.9371790375485993,0.5577361038899403,17.699416799786363,143
401727256,67.94226,5.221883543377508,69.05000000000001,1.26590956099254e-05,-0.5240222924186462,0.5553555741802778,17.531114491000206,141
401727293,70.954254,3.790805195204352,68.3838383838384,0.0025147503485315878,1.3567675398867998,0.5788442162939723,16.68834524206809,133
401727294,66.65956,3.349489524414972,66.83333333333334,0.002095131166642075,-0.9189970974405952,0.599830916030854,18.31030144526668,138
401727306,61.41339,4.128811658670567,64.60227272727272,-0.00014354730960532133,1.0029183395318348,0.654768587608628,18.189081660468165,125
401727818,71.01378,4.833723922233695,69.83035714285714,-0.0004652780167658978,0.837801076429507,0.49089673186598015,15.600555087954056,146
401727826,65.84824,5.534414874415676,65.05555555555556,-0.0017733151361907936,0.07095622339141983,0.6548661802745279,18.81880755613614,127
401727884,66.31263,3.544968886469042,69.0,-0.0016963576021860136,0.49093333028158526,0.6223431780057808,17.970605131256875,130
401727888,67.536446,3.0522654019747737,68.76190476190476,-0.0009285424289294978,-0.31336903652549,0.6026881263697322,18.343444224495414,133
401727896,72.95177,4.097824937769273,73.29761904761905,-0.0018980471657695603,0.356564935294692,0.5246667266933531,16.296212842483087,144
401727897,69.823975,2.95734604512936,70.81666666666666,0.00864955404373206,-1.5418349048150777,0.5062943598723384,17.331308589025603,152
401727898,70.348404,3.395319349723393,68.83333333333334,-0.0018782429437037085,0.2782178528793011,0.5643881813934517,17.24003032230318,137
401727900,69.64983,3.546070185174132,71.22916666666666,-0.0007232356784787401,-0.3451343008771097,0.5457182826506555,17.47370572944854,140
401727901,74.39192,4.420630564455155,71.14285714285714,0.014898627743903634,-1.9908345634145483,0.485274570336344,17.180707981136067,158
401727906,62.435413,3.333589651663911,64.84821428571428,-0.0018099295486545674,0.1621049940639594,0.6415463689348315,18.719784769715567,127
401727910,64.57937,2.6034006809343575,68.41071428571428,-0.001758622876575681,0.06792481244750448,0.6124584162217628,18.237418699002877,131
401727912,66.23026,2.75532703422964,68.61111111111111,-0.0018394037047227245,0.3120467921306016,0.5801726981693166,17.590938282496264,134
401727913,67.290665,3.5820311763072366,67.49305555555556,0.00559135726223861,-1.369858119715392,0.5895279350089684,18.628850925470786,139
401727914,68.552246,3.8879550578356765,68.61111111111111,-0.00015346141464323652,-0.4819046501083868,0.5446702052936825,17.38331310081261,142
401727916,70.04719,3.9830880170127143,69.35,-0.0016609444990664222,0.4899682823006586,0.5773321567497602,17.413016792326207,134
401727923,65.22916,3.3108326239076864,67.2,-6.147625059090269e-05,1.030485001933723,0.6718133660331757,18.473580038716683,123
401727925,68.33767,4.173852852064277,68.29444444444445,-0.001696088452315495,-0.00039022614785011456,0.5893399501500777,17.77816800392563,135
401728308,66.77756,5.120521190651553,66.4055944055944,-0.0017791773161705152,0.11935730026027258,0.6216764929626567,18.47754192454593,129
401729808,62.619255,3.4591615051417666,66.0,-4.41017099362605e-05,1.0291239201841407,0.6639311547474072,18.643007227356843,122
401729827,62.714054,4.054171682776812,65.05,-0.001740051071192958,0.41673308768752904,0.6253262212490203,18.33326691231247,128
401743763,65.36269,4.768266927950341,65.625,-0.0009292567886981955,0.8166320132122848,0.6621286120660577,18.230987034406763,126
401743764,67.25084,3.700912897680576,66.70833333333334,-0.001632136295927638,0.5326899872499808,0.6401933402595364,18.21731001275002,128
401743765,71.9077,5.15330042031423,70.66666666666666,0.0026512107928813393,1.3478006842069554,0.5552170235423991,16.291905198145987,136
401743766,62.595123,4.2218885785837115,63.85606060606061,-0.0016722885087692148,0.5224912166077154,0.6128913218645496,17.644175450058952,132
401743768,68.40928,4.349388913310874,69.16346153846155,-0.0001258844817690474,0.9763048248808701,0.606230586290831,17.77369517511913,128
401743772,67.854866,4.23378520353102,68.57222222222222,0.0005222671078564668,1.0908968301297612,0.5931657081639112,17.378333939101008,130
401743773,66.74807,4.4313721673615705,67.55555555555556,-0.0016912629604517258,0.5039594139190839,0.6175548220797807,17.801384097531297,131
401743774,69.04725,5.474863420001114,69.71428571428572,-0.0006438341259102741,-0.37122040964765546,0.5526314298830638,17.514077552504798,140
401743775,67.05241,2.9561976992564993,66.6038961038961,0.010273905791732837,-1.7870238550413902,0.5706873901060879,18.338747992972426,145
401743802,66.16029,3.225163724979176,67.35,0.0061280101582448735,-1.420430983167556,0.5859737171599372,18.541859554596126,140
401743803,68.45721,4.588180840210447,69.17857142857143,0.012404656643030802,2.373416127748321,0.667977990412931,17.794651099142435,119
401743806,63.24169,4.865348254787925,65.39375,-0.0017565871756649427,0.44575016656859034,0.6298228269676728,18.127893244284124,129
401743810,66.00847,4.507873660613632,66.73823529411764,0.003645376773520783,-1.107931299843358,0.5719959583705294,18.107931299843358,141
401743816,66.66197,4.329481860771876,68.06993006993007,-0.00190577654821736,0.261243025493048,0.6076067808988841,17.78386975646184,133
401743838,66.43747,3.217116517731383,67.125,-0.0016956087551912727,-0.012437979866909643,0.595043898615573,17.78280835023728,135
401743839,64.60221,3.25557325662193,64.7948717948718,0.0009627961215869115,1.206258513381954,0.6515754016511693,17.993741486618045,125
401743841,73.11169,4.340952803368604,70.35714285714286,0.0013754163923238869,-0.7379061290218871,0.5225647951317423,17.057634020178348,147
401743843,67.1671,4.106150915099402,68.1161616161616,0.00041945221522388945,-0.6327136658059338,0.5948200082208658,18.143662570915424,137
401743846,65.94158,3.064557280799579,66.80909090909091,0.00042736093116527976,1.1144396252034845,0.6527066470701993,18.077560374796516,125
401743850,65.258896,4.883156075936545,65.70192307692308,-0.00059559154698747,0.8823040497137633,0.6379782622913185,18.472534659963657,124
401743854,65.31654,4.3765230654757055,66.29166666666666,-0.0001613039485468728,-0.5137724423720442,0.5983005690639142,18.291550220149823,135
401743855,66.82393,4.496949721673287,67.13257575757575,-0.0013811074731174737,-0.1602511334128529,0.6147052234510867,18.342069315231036,132
401743856,68.44263,4.039868701509092,68.29797979797979,-0.0018370982406748788,0.09512232232446038,0.5683571940915947,17.281689271878438,138
401743880,68.34563,4.8046989414861585,67.87307692307692,0.008768605832322916,2.0378323550140074,0.6441788743306429,17.317006354663413,124
401743882,71.19759,4.314548562465024,68.28571428571428,0.006207864187763293,-1.2405989013956997,0.4804038833720195,16.32864921586111,159
401743883,65.35272,4.954745509726502,65.63736263736264,0.014957200087640378,2.651324807020327,0.7080587602042355,18.561064573510645,113
401743887,61.400646,2.2494028235868897,66.21818181818182,0.002241702515437736,1.4497029979158391,0.698244197063156,18.889280052931618,118
401743890,62.992916,3.7053751996094673,64.99621212121212,0.0007705375987741432,1.1914945271145925,0.6630012659529043,18.78350547288541,120
401743892,71.726,4.647382617572474,68.13888888888889,-0.0018059843132444957,0.07042797519241262,0.53718619580172,16.81689596846956,142
401743893,62.561,3.381411294294236,64.98888888888888,-0.0007487844329291943,0.8334543603578695,0.6017854040101648,17.47952273887877,131
401743894,71.44471,3.677330270085238,69.05,0.00873371730643916,1.9752645362590577,0.594390096632665,16.774735463740942,128
401743895,69.878914,4.253880377818087,70.14015151515152,-0.0018780609097888928,0.2536520713988999,0.5809059951087259,17.52412570637888,135
401743896,68.77268,2.5455865576293695,67.21111111111111,-0.0018264473334772245,0.06342038697681929,0.5689031135664308,17.195572418778575,139
401743919,66.662575,3.556792997947615,68.64529914529913,-0.001552902283506715,0.541006190744934,0.644264280993262,18.658993809255065,125
401743940,67.71781,3.5932817330984888,68.9920634920635,-0.0017602440100690662,0.07383854802916545,0.5524159565677722,17.302973046173733,138
401743941,71.69967,4.441851718859901,69.32954545454545,-0.001801211464857145,0.0722951122063975,0.5288142850792568,16.710921671010386,143
401743942,69.865036,3.840952497160466,69.19485294117646,0.005957408850785525,1.7217155256388068,0.5917122895782382,16.598895161384092,131
401743943,64.47578,5.41180327301621,66.98295454545455,-0.001514179848080457,-0.10869987654249513,0.6195221334439825,18.28294230078492,132
401743945,69.810135,4.58476249546502,68.41666666666667,0.004160740762352959,-1.103679387771674,0.5232248794189689,17.211061938107246,149
401743955,65.80243,2.916039813392524,66.83333333333333,0.009672340415653412,-1.7665648921926298,0.5742225655692375,18.667973342896854,142
401743960,72.22668,5.209596138395712,70.46818181818182,-0.0012565806997927803,-0.1988211220750422,0.49351301526422986,15.783236706490626,154
401743961,65.70136,3.2292992769809876,67.51666666666667,-0.000313442585079418,0.9488504348981763,0.6239652331338977,17.655800727892522,129
401743962,69.99514,5.105463660834383,69.88095238095238,-0.0018452146989856595,0.15875456847884095,0.562471410069355,17.344895066557655,137
401743966,66.551254,4.234234122334553,67.42307692307693,-0.0017752362046388715,0.350348658701769,0.6203144401691243,18.39965134129823,128
401743969,68.172935,4.634739467307021,68.19480519480518,0.021223030129989627,2.855100715930437,0.6669527223126037,17.111565950736228,120
401743986,67.04999,5.196357026611215,68.36607142857143,0.0024454120434312396,1.4710847715497337,0.6964693344247886,18.688579093996484,119
401743988,70.72847,6.012990355782621,69.98611111111111,0.0014489135764601836,1.2119642700238948,0.5634243282887945,16.833148511930993,133
401743992,65.75146,4.17657767982854,67.45833333333334,-0.0015568802656646431,-0.05904163783221961,0.6600772745922079,19.25104163783222,125
401743993,68.37314,3.101126529103872,68.78333333333333,0.00039125715531940274,-0.5936661980899878,0.5526185014565971,17.145390336021023,145
401744004,67.45344,4.053192196510397,68.74475524475525,-0.0018074799135557105,0.44287881264997253,0.6113290070215915,17.602233969304915,133
401744013,65.796234,3.649433874633206,65.48863636363636,-0.0013679802728302334,0.6593648740617724,0.6396386144720448,18.082822625938228,128
401744015,66.435776,4.423013253867696,67.1043956043956,0.008801735937984022,2.129808812984315,0.6959905514867244,18.20917423786314,118
401744022,70.113266,5.566790376043036,70.13888888888889,-0.0012398575472859724,-0.2061301179984767,0.5447527901375459,16.98934690121526,143
401744026,71.03594,4.549682445633126,68.89903846153845,0.0016557671497567158,1.258304887433976,0.5865090717742546,17.039405036230146,131
401744034,68.607056,4.587640017350139,68.64166666666667,0.0012902069606561812,1.1696902987084599,0.5477111203022497,16.348557876474022,137
401744041,72.47026,4.783586233157771,70.5875,0.0011602167994600894,-0.7149024725921826,0.533439328297044,17.26662661052322,145
401744044,65.373146,4.190928564361587,66.60795454545455,-0.0011250385946286472,0.7467163957054126,0.646253023324206,18.150921399570176,127
401744050,68.200005,4.28749250653071,67.78571428571428,-3.9014156820056003e-07,-0.5052795258965155,0.53169650842278,16.831810138141414,147
401744084,63.98029,3.010387174218544,65.75,0.0017121885943784624,1.315327992153012,0.6404379882732999,17.884672007846987,125
401744098,68.172264,5.053700850309326,66.61666666666667,-0.001736551713780313,0.03956915781303749,0.5991187701697781,17.990506030156887,133
401744101,61.641037,4.5840426817252755,63.125,0.005614175036730018,1.760833459424699,0.6472341559832581,17.423166540575302,125
401744106,68.25997,4.433571402022109,67.26223776223776,-0.000705146009710863,0.846315871313994,0.6040967154481872,17.474294815708905,131
401744108,66.53106,4.747978738367999,65.18589743589743,9.321149839984043e-05,1.0376556535835917,0.6343096240079569,17.282955033439308,131
401744110,69.4333,3.9794142100325254,68.84166666666667,0.003354573601310353,1.5132930686485828,0.6269270547538539,17.51845296309745,126
401744114,66.313995,3.257756834056753,66.5909090909091,-0.00132233189194914,-0.1813350895420207,0.5682799579330073,17.4331336506931,139
401744132,66.87718,3.7835556583491474,67.83589743589744,0.0006958926842244243,-0.7127364485466039,0.627589369715594,18.88697887278903,132
401744134,64.11391,3.806727675415698,65.8125,-0.0014362707557946076,-0.1300344155773736,0.623932338618858,18.583880569423528,130
401744135,63.43244,3.01170415666863,63.464285714285715,-0.0016303763915964215,-0.04602918441627324,0.634374028583246,18.507567645954733,130
401744139,68.58727,3.245336180380259,65.86363636363637,-0.0018630468366350877,0.2806391270207236,0.5359522830968422,16.86221801583642,140
401744152,67.61831,3.9605419180327988,66.46022727272728,-0.0015276591809805361,-0.06826641482592777,0.5673437708561225,17.71532523835534,136
401744161,70.10621,3.9868152107501182,67.61111111111111,0.01083778147744533,-1.7413867334030382,0.5145197442603594,17.530860417613564,152
401744162,66.34827,5.751816222158073,69.77777777777777,0.0009553868955110719,-0.7341370223915149,0.5931854844422266,18.381195845920928,136
401744164,71.67907,3.5805005305108883,71.93888888888888,-0.0005318124377383382,-0.38127355854811995,0.5134586898352113,16.597489774764338,148
401744168,65.241135,4.489073091317066,66.83181818181818,-0.0016783790542986487,0.4325066418681125,0.6288084541887519,18.623048913687445,126
401744170,70.39136,4.9990908256795255,72.5,0.0006011222823787269,-0.6248745785075656,0.5372939013680773,17.401098354731342,143
401744182,74.63714,3.9549032851368784,70.61111111111111,-0.0009061998764205976,0.7735347106612025,0.5535026262560512,16.603276883541696,138
401744185,66.779755,4.101054879925226,65.96212121212122,0.003448475753827179,-1.066737516183533,0.5626809836954387,17.835968285414303,143
401744187,70.47437,4.061858075647486,69.30000000000001,-0.0019430961259424538,0.17099485744083154,0.5485007656234598,16.709286832700013,142
401744189,65.44901,4.191906832122632,67.29166666666667,-0.0009681813939195271,0.7817670123246643,0.635334580337305,18.24204251148486,126
401744190,62.61539,3.873428171698918,64.65705128205127,0.0017237791235164765,1.3346947861752803,0.6620650127903387,18.161240173174313,123
401744191,66.40335,3.9305097408891125,66.74545454545455,-0.00028246392713525246,0.9893745593893115,0.6866209187849649,18.81227833317267,121
401744193,63.823124,3.5215055953464285,65.03125,0.0028044955157512483,-1.0304982920953485,0.5899976696859851,18.67755711562476,136
401744194,65.00148,2.8099242585249637,65.84920634920636,2.2601795943533633e-05,1.052083572972176,0.6782868414297156,18.443851386377418,123
401744196,64.864525,2.839478180827803,67.2,-0.00020505329953876558,0.9809078062699221,0.6403897639743463,18.05083822547611,126
401744199,72.01532,4.710376197883461,70.98333333333333,0.003271022164645591,-0.9681563988708675,0.4995048271467332,16.73789324097613,152
401744209,67.14672,2.73549240702006,66.68571428571428,0.009003448990966272,2.1774456029531137,0.7119265549678702,18.51220956946068,116
401744227,63.676582,4.429537952827825,65.46103896103897,0.017677540366712298,2.8227316408960412,0.7206699015304987,18.416206412201305,113
401744228,70.85587,6.6949069017651315,71.8956043956044,-0.001891799145261361,0.18092586931488697,0.5572301685559047,17.085261181044824,139
401744229,65.48526,4.140751499933543,65.45833333333333,-0.0018706459216977296,0.15041612770984614,0.6165429330721549,18.02382629653258,132
401744232,67.173416,6.0025981004346045,68.8125,-0.00169949061556037,-0.001102241444474572,0.5819945354130467,17.633455182620946,136
401744235,64.88755,3.363973688929371,65.78846153846155,-0.0016194694519964434,-0.06296053959157888,0.6317121308596825,18.36830405104196,131
401744237,68.192856,5.558636727877964,69.23809523809524,0.007425978171466218,-1.4344336482067312,0.5086292701017651,17.32847338330607,151
401744243,70.4826,3.933607229892745,70.59134615384616,0.0024207774417812546,-0.8588175012256247,0.5062856769397027,16.538556063317127,153
401744246,65.09103,4.230017206792638,68.70634920634922,-0.0016579383302558184,0.5226383084514694,0.6423717505907026,18.21173669154853,128
401744250,68.793396,3.906715415727187,67.36111111111111,-0.0014989592146310833,-0.11599757833591795,0.569810061232402,17.36060189488268,139
401744251,72.403725,4.931596779914533,70.97222222222223,-0.0004937081103503345,-0.40783965549274726,0.5457082740787627,17.19105643870953,143
401744252,67.73302,3.381110565198333,69.63636363636364,0.004801298294530164,-1.1622539381905455,0.5180421082397074,17.04967115673359,151
401744253,64.73668,3.829787335456939,67.15625,0.00020729439241281262,1.0837842368200654,0.6699213925252697,18.271054472857355,124
401744254,70.0854,5.122591966247352,70.34491978609626,-0.0012515740608823617,0.6769669784921213,0.5672815537740576,16.95538596268435,136
401744255,67.25831,4.0509400944918,68.08333333333334,-0.0018931488651793365,0.20518206367702874,0.6251702789814272,18.11542862334587,131
401744256,72.24993,5.101609635630879,70.38690476190476,-0.0014543900663366637,0.5794180963523541,0.49439521576860335,15.85893806803121,146
401744257,70.31284,5.134175719231651,69.83333333333334,0.007728580459541283,-1.477327085964145,0.5210695349293791,17.477327085964145,150
401744260,66.19218,3.43463847147774,67.81060606060606,-0.001825829212966006,0.30608135510691525,0.6114372458968261,18.14776479873924,130
401744261,69.151855,3.2989794175255387,70.45238095238095,0.010265622486894388,-1.6897962342755513,0.5144003346544779,17.466112023749236,152
401744262,71.240974,4.396789657897324,69.10952380952381,-0.0009796813995701253,0.7499819737586151,0.5497694773885992,16.64132237406747,138
401744279,70.55487,4.467711758311644,69.77272727272728,0.0144295267792438,2.46291842889498,0.6396275237851315,17.355263389286836,121
401744546,74.49564,5.898137347580513,72.5125,0.003972124745193387,1.4592506292886505,0.5275318010063821,15.806936421071061,139
401744547,67.07635,4.063787273985955,68.32575757575756,-0.00018158007556065542,1.0058040157111812,0.6762433684091654,18.828906728090473,121
401744549,68.53273,4.375877105632337,68.51748251748252,-0.0013360814184328288,0.6354947939159672,0.5643566807518934,17.14228298386181,135
401744551,68.91711,4.535459778992118,68.6565934065934,-0.0005741847941046868,0.8586732024467203,0.5763399214625916,17.323144979371463,132
401745778,67.83836,3.7794460806324017,67.10555555555555,0.013945339220201492,2.347994923418266,0.5980602852093646,16.69962412420078,126
401745781,72.21166,5.719358884428185,70.375,0.007829082002181657,-1.3923227604524833,0.4727881726217031,16.486662383093993,159
401745784,68.92799,4.846150754077565,68.90714285714284,0.003321654496053295,-1.036963409214458,0.5439020720746744,17.69668563143668,144
401745788,63.77094,3.9278533774397104,65.66875,-0.0018236678089902957,0.21742452756700104,0.6496795783387161,18.82225801211554,126
401745793,67.10797,5.74127875752963,67.92121212121212,0.004758382526370537,-1.205773871854582,0.5567316269689949,17.630431406101156,146
401745794,69.11837,3.8418289519913777,68.08333333333334,0.008984981699487395,2.008745024500808,0.6067750726653596,16.88889277077478,127
401745819,72.72743,2.968404059609656,71.95,0.008321143165010054,1.9981464402931408,0.6303726574760474,17.340563237126215,124
401745820,65.74873,4.305110075505518,67.03571428571428,0.0006086693922336179,1.1411592991167154,0.6484194194057346,17.756478496158874,127
401745821,64.62097,3.8817337845704185,67.8961038961039,0.0017501824575644627,1.3724107305986415,0.6973019637182412,18.795656496292114,119
401745822,64.97992,4.409197731431543,66.10317460317461,0.0004180872420223949,1.1229872784923458,0.6662854185589422,18.389207843458873,123
401745823,65.731094,5.2802569480942,67.88333333333333,-0.0017837194167534638,0.0575392560528023,0.6352067893444362,18.403999205485658,130
401745825,66.948494,4.525132165514759,70.46363636363637,-0.0013115382212625063,-0.21119311129763574,0.5979661033256177,17.60249745912372,138
401745882,63.198914,3.0013403307947946,65.98888888888888,0.0032710785823869765,1.5326392735606085,0.6492150129000082,17.97955584839061,123
401745884,67.537506,2.935332689637675,67.23295454545455,-0.0018392137649100926,0.2304240427380968,0.6445011305213503,18.667213752537492,127
401745909,70.13549,3.866375727115255,68.0090909090909,-0.00019920364289681435,-0.48907682511222106,0.5731057958348159,18.00002573022171,137
401745911,69.58129,5.781530769587333,69.4969696969697,-0.00010864469213000407,-0.5047061177113719,0.5646873929129951,17.626134689139942,140
401745963,68.13965,4.455524907606277,70.08333333333334,-0.0018206266219577046,0.4146863394203919,0.5871097674460408,17.340869216135165,135
401745974,69.57077,6.116781329086892,70.2875,0.001726873864184244,-0.8201103001746191,0.5522348241020837,17.596334076398396,143
401745978,63.72515,2.6242597414901105,65.97321428571428,-0.0018700048081957863,0.3319763679704657,0.601797742835848,17.713136413984422,133
401745987,71.1139,4.994589944914209,69.32777777777778,-0.0017752051202585876,0.03998056010331652,0.5265308889886317,16.612797217674462,144
401745989,71.06437,5.551756999923965,69.61666666666667,0.012432896991712817,2.2408176929554138,0.6059544661189622,16.633198055076083,127
401745995,71.424484,5.148365778901612,69.89488636363637,-0.00020146827535292514,0.9195601197712975,0.5374053697479103,16.223297023085845,140
401746005,67.131584,4.926564715967199,67.05882352941177,0.0013059007071246815,-0.8096299917438543,0.6087209172974042,18.705152379803557,134
401746012,64.03111,3.5088218617798086,66.33333333333334,0.008099030307629972,2.086857610722138,0.704053385112227,18.425962902098377,117
401746014,76.17574,5.1528061222361305,73.22619047619048,0.006390871099318955,-1.284781535707367,0.4919862406925559,16.662986663912495,156
401746045,71.19616,3.443233666626205,67.8961038961039,0.0002441089871255831,-0.5188915424131118,0.4864965293869199,16.288628384518375,152
401746046,68.388596,3.4581549213929947,66.875,0.002530140683845278,1.4317458936318133,0.6428931272099428,17.906963783787543,124
401746048,75.27846,4.003945484902761,71.75,-0.0011473947901609572,-0.2283945784919581,0.5160486304803491,16.43109728119466,148
401746049,64.29236,4.90430241362559,65.88888888888889,0.00018430872006548147,1.0973786540080432,0.6944832999451263,19.241604396839413,118
401746050,66.92503,4.596476068993802,68.53571428571428,-0.0018551975454823343,0.2263469271189571,0.5834246381511203,17.68410083407507,134
401746061,68.53806,4.451073734219616,67.70535714285714,0.0023870770825696608,-0.91495238432001,0.5358503995126549,17.80931858150311,142
401746062,75.721504,4.678602126724801,71.34294871794873,0.01512668986759545,-2.008744399032892,0.4878424065476929,17.19861781675441,158
401746070,67.9913,3.9412697433164467,69.15833333333333,0.003144785392282972,1.466442383504031,0.5990454991196023,17.28355761649597,128
401746071,60.6945,3.88580872003321,66.10384615384615,0.02046137953124008,3.002376487647222,0.7285167622771813,18.426194940924205,112
401746076,72.75449,4.881391596319249,71.96428571428572,-0.0018972481762163423,0.11038265511115597,0.5359742636210584,16.556284011555512,144
401746081,70.586075,5.048097597895964,70.5,-0.0018808729832850612,0.10447297622775764,0.518980897985882,16.333883188155806,146
401746082,64.696594,4.68731994690545,68.21031746031746,-0.0013389825159744917,-0.19454135181305077,0.616407783847882,18.10498911300708,134
401746094,72.92505,3.694671194389354,72.66666666666666,0.005632814671120429,-1.1491472387956883,0.45808388301065295,15.873073619163787,163
401746095,68.233894,4.10756470472108,68.85,0.010283155041659046,2.2060377478723296,0.6560931556221157,17.785628918794337,120
401746099,67.43596,4.553947288741792,67.92361111111111,-0.000978278276789766,0.7747506990872033,0.6208892238068792,17.959624300912797,128
401746244,61.168438,3.757863022031425,64.77564102564102,-0.0014540737634121486,-0.10705841462513632,0.6530062052758936,19.283058414625135,125
401746245,72.42404,5.97778702703642,73.125,0.007512527474412623,-1.3851006673164559,0.49263105493938675,16.658986017634927,157
401746249,69.71945,3.6303073800310215,68.45833333333334,0.005457455176440902,1.7279083493285192,0.6166022870470864,17.311774190354022,126
401746250,68.23648,5.222494951771392,69.77777777777777,-0.0004587905797447177,0.8667336998680746,0.5472484773642482,17.03625137475879,134
401751910,71.996925,4.895916617359768,71.8452380952381,0.0024933148291039517,-0.8748450668744354,0.5021984582901614,16.768884801973773,151
401751914,70.32828,4.401198848909204,69.93028846153845,-0.0013742965553028039,-0.15484268529593948,0.5809456578882193,17.79454856764888,136
401751942,69.179115,4.332438747639789,67.57142857142857,-0.0014427495327713157,-0.13250395416002547,0.5789595152644312,17.650752129342507,137
401751944,69.84785,3.935590475700447,69.55594405594405,-1.2956845696791805e-05,-0.5065148644807458,0.5371763104137866,17.051342450687642,145
401751949,71.483215,4.947561917327469,69.94117647058823,0.0016490308086201124,-0.7654624868286142,0.5070762871244137,16.86613362776821,149
401751952,71.82613,4.257314000231137,71.05,-0.00024367089792473034,-0.4476927516768434,0.5207329717952962,16.87919960099191,146
401751953,62.17986,5.323575810872409,66.96666666666667,-5.452211529904752e-05,1.0109014953397235,0.6373084493532722,18.020844536406308,126
401751955,62.99245,2.675933577793148,67.3,8.292678984885796e-05,-0.5558689652721149,0.5824966712466388,17.45727741597634,142
401751977,71.14351,5.358782994001222,70.32564102564103,-0.0010260431904293235,-0.268040130389565,0.5260968130969678,16.594570742634463,147
401751980,69.71762,5.165790775460863,68.5,-0.00016206767708160864,-0.4834801852693644,0.5495224103849643,17.38488863597359,142
401754722,67.49112,2.357657808913471,68.6,-0.0005241433924801421,0.9290115831994967,0.6825030445301147,18.743119564341487,122
401756976,66.801315,4.076091774022943,66.46464646464646,0.004625410726960497,-1.2426765301993115,0.5802557678153687,18.378390815913598,140
401756979,68.754265,3.9943178486638793,67.16071428571428,-0.0015864645298225592,0.5224029617350183,0.5941028745446544,17.790574137501622,131
401756981,66.41761,4.508877449157907,66.70192307692308,2.9178808017208214e-05,-0.5622186538705911,0.6079882694830131,18.33999643164837,135
401757001,63.44,5.104436818788672,65.4025641025641,0.0029676003962066664,-1.0319757730894743,0.5782534697097319,18.298162823449186,139
401757003,63.46277,4.296998515019064,65.50892857142857,-0.0014562230563868262,-0.1353511301763355,0.6277684139100721,18.455961817199235,131
401758617,66.56108,4.457434379143109,65.87412587412587,0.014344857393597713,-2.065905436782943,0.5411750259004139,18.059238770116277,150
401758622,70.613594,3.2941507039555042,71.29166666666666,0.00398628040804205,-1.0739019069447036,0.5176317779556546,17.06056857361137,150
401758629,70.25284,4.299965582650354,68.54464285714286,0.0045419611635440955,-1.1128722128913946,0.4981638461842151,16.799146722695316,153
401758630,64.57102,4.391764698000335,66.03571428571429,-0.0015569364659478169,0.5730977406737736,0.6385050969906932,18.161277259326226,128
401758633,67.74835,3.7611958761208237,68.01111111111112,-0.001087895028583416,-0.23355191473074655,0.5441223467527825,17.499738965090458,139
